Chemical composition,At Temperature (K),conductivity (S/cm),Seebeck coefficient (uV/K),Total thermal conductivity (W/mK),figure of merit ZT,Reference,Paper DOI
Ag8Sn0.5Ga0.5Se6,576,20,-363.7,0.27,0.54,Expt,https://doi.org/10.1021/acsami.1c17548
Ag8Sn0.7Ga0.3Se6,572,14.24,-296.6,0.278,0.257752873466475,Expt,https://doi.org/10.1021/acsami.1c17548
Ag8Sn0.4Ga0.6Se6,573,6.6,-323.83,0.283,0.12,Expt,https://doi.org/10.1021/acsami.1c17548
Ag8Sn0.6Ga0.4Se6,601,23.43,-303.5,0.295797537176169,0.4385,Expt,https://doi.org/10.1021/acsami.1c17548
Ag8Sn0.6Ga0.4Se6,691,165.68,-159.11,0.297627676899717,0.9738,Expt,https://doi.org/10.1021/acsami.1c17548
Ag8Sn0.6Ga0.4Se6,640,74.59,-213.79,0.297952011380604,0.7323,Expt,https://doi.org/10.1021/acsami.1c17548
Ag8Sn0.4Ga0.6Se6,671,120.46,-178.74,0.304,0.84944507480415,Expt,https://doi.org/10.1021/acsami.1c17548
Ag8Sn0.5Ga0.5Se6,673,131.68,-175.93,0.304,0.902279528391953,Expt,https://doi.org/10.1021/acsami.1c17548
Ag8SnSe6,523,12.54,-342.7,0.3121,0.24679347068305,Expt,https://doi.org/10.1021/acsami.1c17548
Ag8Sn0.7Ga0.3Se6,640,79.8,-192,0.322,0.584695095652174,Expt,https://doi.org/10.1021/acsami.1c17548
AgBi0.7Sb0.3Se2,676,12.31,-305.56,0.329498886148098,0.2358,Expt,https://doi.org/10.1021/acs.inorgchem.9b01038
AgBi0.95Sb0.05Se2,575,1.47,-13.02,0.333,0.0000430291645945946,Expt,https://doi.org/10.1021/acs.inorgchem.9b00874
AgBi0.95Sb0.05Se2,600,2.094,-112,0.334,0.00471864718562874,Expt,https://doi.org/10.1021/acs.inorgchem.9b00874
AgBi0.9Sb0.1Se2,600,2.36,-59.9,0.335,0.002,Expt,https://doi.org/10.1021/acs.inorgchem.9b00874
Tl8.95Bi1.05Te6.0,322,1.7,-220,0.3375,0.00785012148148148,Expt,https://doi.org/10.1021/cm402593f
Tl8.95Bi1.05Te6.0,444,5.7,-103,0.34,0.00789684035294118,Expt,https://doi.org/10.1021/cm402593f
Tl8.95Bi1.05Te6.0,382,3.2,-208,0.344,0.0153738120930233,Expt,https://doi.org/10.1021/cm402593f
Ag8Sn0.7Ga0.3Se6,673,163.04,-158.41,0.358,0.78,Expt,https://doi.org/10.1021/acsami.1c17548
Ag8SnSe6,601,106.93,-181.54,0.3632,0.583140038518719,Expt,https://doi.org/10.1021/acsami.1c17548
AgBi0.9Sb0.1Se2,576,72.86,-216.67,0.380861206260643,0.5173,Expt,https://doi.org/10.1021/acs.inorgchem.9b01038
Ag8Sn0.7Ga0.3Se6,694,192.1,-139.5,0.3845,0.674743805812744,Expt,https://doi.org/10.1021/acsami.1c17548
BaBiTe2.9Se0.1,525,40.5,-199.2,0.391,0.215782508439898,Expt,https://doi.org/10.1021/acs.chemmater.7b04123
BaBiTe2.9Se0.1,575,38.9,-204.2,0.393,0.236,Expt,https://doi.org/10.1021/acs.chemmater.7b04123
AgBi0.7Sb0.3Se2,576,23.71,-275,0.394653267099733,0.2617,Expt,https://doi.org/10.1021/acs.inorgchem.9b01038
BaBiTe2.9Se0.1,474,42.45,-191,0.396,0.185364935681818,Expt,https://doi.org/10.1021/acs.chemmater.7b04123
BaBiTe2.9Se0.1,597,38.4,-204,0.397,0.240311958891688,Expt,https://doi.org/10.1021/acs.chemmater.7b04123
AgBi0.9Sb0.1Se2,676,54.64,-247.22,0.400973984285715,0.563,Expt,https://doi.org/10.1021/acs.inorgchem.9b01038
Ag8SnSe6,640,194.4,-145.1,0.405,0.6467791872,Expt,https://doi.org/10.1021/acsami.1c17548
BaBiTe2.95Se0.05,575,75.1,-196.7,0.4075,0.410004750288343,Expt,https://doi.org/10.1021/acs.chemmater.7b04123
BaBiTe2.95Se0.05,525,80,-191.8,0.4085,0.365,Expt,https://doi.org/10.1021/acs.chemmater.7b04123
BaBiTe2.9Se0.1,373,44.99,-171,0.409,0.119975823,Expt,https://doi.org/10.1021/acs.chemmater.7b04123
BiSbSe2.76Cl0.24,700,61.88,-245,0.41,0.634156804878049,Expt,10.1039/d0ra04065g
BaBiTe2.95Se0.05,597,74.3,-197.3,0.4102,0.42094141766431,Expt,https://doi.org/10.1021/acs.chemmater.7b04123
BaBiTe2.9Se0.1,322,42.4,-154.6,0.413,0.0790115634983051,Expt,https://doi.org/10.1021/acs.chemmater.7b04123
BaBiTe2.95Se0.05,474,78.3,-185.3,0.4142,0.307666951105263,Expt,https://doi.org/10.1021/acs.chemmater.7b04123
PbTe0.05Ag2Te0.95,650,135.84,-198,0.415,0.834109972048193,Expt,10.1039/c1jm13888j
BiSbSe2.88Cl0.12,700,36.15,-289,0.416,0.508052621394231,Expt,10.1039/d0ra04065g
Ag8SiSe6,473,320.51,-118.7,0.4208,0.507607969182201,Expt,https://doi.org/10.1021/acsami.0c15877
BaBiTe3,574,86.85,-183,0.4266,0.391347932278481,Expt,https://doi.org/10.1021/acs.chemmater.7b04123
Ag8SnSe6,650,218.9,-136.7,0.427,0.62268481115925,Expt,https://doi.org/10.1021/acsami.1c17548
BaBiTe3,524,90.67,-178.93,0.42756,0.355765768411332,Expt,https://doi.org/10.1021/acs.chemmater.7b04123
AgBiSe2.0,577,34.78,-239,0.43,0.26658317564186,Expt,10.1021/ja312474n
BaBiTe3,598,85.15,-183.6,0.43,0.399174448956279,Expt,https://doi.org/10.1021/acs.chemmater.7b04123
BaBiTe2.95Se0.05,373,73.22,-165.7,0.4315,0.173781192532885,Expt,https://doi.org/10.1021/acs.chemmater.7b04123
BaBiTe3,474,95.63,-170.45,0.43425,0.303268065838929,Expt,https://doi.org/10.1021/acs.chemmater.7b04123
BaBiTe2.95Se0.05,322,62.1,-152,0.437,0.10571904,Expt,https://doi.org/10.1021/acs.chemmater.7b04123
AgBi0.95Sb0.05Se2,400,0.209,-377.66,0.4376,0.00272477685561243,Expt,https://doi.org/10.1021/acs.inorgchem.9b00874
Rb2Bi8Se13,526,9.48,-306,0.4386,0.106455549767442,Expt,https://doi.org/10.1021/acs.chemmater.0c00703
BiSbSe2.88Cl0.12,600,43.9,-264,0.44,0.4172256,Expt,10.1039/d0ra04065g
PbTe0.05Ag2Te0.95,600,207,-175.2,0.441,0.867,Expt,10.1039/c1jm13888j
Ag8SiSe6,473,350.06,-113.7,0.441,0.485384573093469,Expt,https://doi.org/10.1021/acsami.0c15877
AgBiSe2.0,625,40,-236,0.443,0.31431151241535,Expt,10.1021/ja312474n
Rb2Bi8Se13,625,10.23,-281,0.445,0.113450987359551,Expt,https://doi.org/10.1021/acs.chemmater.0c00703
BiSbSe2.76Cl0.24,600,73.5,-222,0.45,0.4829832,Expt,10.1039/d0ra04065g
Ag8SiSe6,423,350.47,-112.74,0.4504,0.418358786952477,Expt,https://doi.org/10.1021/acsami.0c15877
BaBiTe3,372,103.5,-151.8,0.452,0.196285581079646,Expt,https://doi.org/10.1021/acs.chemmater.7b04123
AgBi0.7Sb0.3Se2,478,11.25,-327.78,0.454926881473228,0.127,Expt,https://doi.org/10.1021/acs.inorgchem.9b01038
Rb2Bi8Se13,428,11.8,-287.3,0.455,0.0916190178057143,Expt,https://doi.org/10.1021/acs.chemmater.0c00703
AgBiSe2.0,675,40.4,-251,0.46,0.373486363043478,Expt,10.1021/ja312474n
BaBiTe3,323,97.49,-140,0.461,0.133880627331887,Expt,https://doi.org/10.1021/acs.chemmater.7b04123
Ag8SiSe6,473,393.18,-110.08,0.4636,0.486100394542385,Expt,https://doi.org/10.1021/acsami.0c15877
PbTe0.15Ag2Te0.85,650,112.75,-214.4,0.4638,0.763,Expt,10.1039/c1jm13888j
AgBiSe2.0,660,42.51,-272,0.4672,0.444293556164384,Expt,10.1039/c7dt04821a
PbTe0.05Ag2Te0.95,550,290,-154.6,0.469,0.8215,Expt,10.1039/c1jm13888j
AgBi0.7Sb0.3Se2,378,4,-361.11,0.46944155556,0.042,Expt,https://doi.org/10.1021/acs.inorgchem.9b01038
BiSbSe2.88Cl0.12,500,54.5,-232,0.47,0.312064680851064,Expt,10.1039/d0ra04065g
Ag8SiSe6,423,379.27,-107.78,0.47,0.39652206536412,Expt,https://doi.org/10.1021/acsami.0c15877
Rb2Bi8Se12.9935Cl0.0065,625,38.24,-260.63,0.474,0.342506144706751,Expt,https://doi.org/10.1021/acs.chemmater.0c00703
Ag0.98Nb0.02BiSe2.0,625,64.32,-225,0.474,0.429351265822785,Expt,10.1021/ja312474n
AgBi0.9Sb0.1Se2,478,205.35,-152.78,0.474655280107172,0.4827,Expt,https://doi.org/10.1021/acs.inorgchem.9b01038
AgBiSe2,400,0.36,-83.33,0.476,0.000210067227226891,Expt,https://doi.org/10.1021/acs.inorgchem.9b00874
Rb2Bi8Se12.9935Cl0.0065,526,36.76,-269.69,0.477,0.294830598730091,Expt,https://doi.org/10.1021/acs.chemmater.0c00703
Ag0.98Nb0.02BiSe2.0,675,64.3,-242.4,0.48,0.531298683,Expt,10.1021/ja312474n
BiSbSe2.82Cl0.18,700,84,-232,0.48,0.659344,Expt,10.1039/d0ra04065g
AgBi0.9Sb0.1Se2,378,163.12,-130.56,0.48102522800517,0.2185,Expt,https://doi.org/10.1021/acs.inorgchem.9b01038
AgBi0.7Sb0.3Se2,326,2.98,-383.33,0.482267250772203,0.0296,Expt,https://doi.org/10.1021/acs.inorgchem.9b01038
Ag0.98Nb0.02BiSe2.0,577,63.05,-223.7,0.487,0.373821186025975,Expt,10.1021/ja312474n
BiSbSe2.76Cl0.24,500,87.3,-192,0.49,0.328390530612245,Expt,10.1039/d0ra04065g
AgBi0.9Sb0.1Se2,526,79.43,-211.11,0.491302199281208,0.379,Expt,https://doi.org/10.1021/acs.inorgchem.9b01038
Ag8SiSe6,423,425.71,-104.64,0.492,0.400760194322107,Expt,https://doi.org/10.1021/acsami.0c15877
PbTe0.15Ag2Te0.85,600,178,-191.2,0.493,0.791954278296146,Expt,10.1039/c1jm13888j
AgBi0.9Sb0.1Se2,326,149.62,-127.78,0.496201395492715,0.1605,Expt,https://doi.org/10.1021/acs.inorgchem.9b01038
AgBiSe2.0,612,45.36,-263,0.5,0.384030714816,Expt,10.1039/c7dt04821a
BiSbSe0.96Br0.043,700,132.98,-213,0.5,0.8446437468,Expt,10.1002/adfm.201806558
BiSbSe0.94Br0.063,700,162.77,-203,0.5,0.9390624502,Expt,10.1002/adfm.201806558
BiSbSe0.92Br0.083,700,179.25,-193,0.5,0.94,Expt,10.1002/adfm.201806558
PbTe0.05Ag2Te0.95,450,502.13,-117.3,0.502,0.619328392323705,Expt,10.1039/c1jm13888j
Rb2Bi8Se13,330,15.91,-268,0.5096,0.0739987337519623,Expt,https://doi.org/10.1021/acs.chemmater.0c00703
BiSbSe0.94Br0.063,600,175,-186,0.51,0.712270588235294,Expt,10.1002/adfm.201806558
BiSbSe0.92Br0.083,600,190,-181,0.51,0.732304705882353,Expt,10.1002/adfm.201806558
Ag8SiSe6,298,395.26,-166.21,0.5121,0.63541674212331,Expt,https://doi.org/10.1021/acsami.0c15877
Ce0.2Bi1.8Te3,398,779,-146.5,0.514,1.293,Expt,http://dx.doi.org/10.1016/j.pnsc.2013.06.007
PbTe0.1Ag2Te0.9,600,196.7,-181.55,0.5147,0.755777482620944,Expt,10.1039/c1jm13888j
BiSbSe2.82Cl0.18,600,98.34,-212,0.52,0.509976110769231,Expt,10.1039/d0ra04065g
BiSbSe2.88Cl0.12,400,67.4,-195,0.52,0.197145,Expt,10.1039/d0ra04065g
Ag8SiSe6,473,532.37,-103.9,0.52,0.522760141011942,Expt,https://doi.org/10.1021/acsami.0c15877
K0.995Ba0.005GaSb4,649,64.9,-303.74,0.520272548334551,0.7469,Expt,https://doi.org/10.1021/acs.chemmater.7b01217
Rb2Bi8Se12.961,625,64.39,-242.8,0.5208,0.455538231758833,Expt,https://doi.org/10.1021/acs.chemmater.0c00703
Rb2Bi8Se12.9909Cl0.0091,625,64.71,-200.75,0.5208,0.312961957490279,Expt,https://doi.org/10.1021/acs.chemmater.0c00703
PbTe0.15Ag2Te0.85,550,243,-174.7,0.5233,0.772,Expt,10.1039/c1jm13888j
Rb2Bi8Se12.9935Cl0.0065,428,60.29,-237.48,0.5289,0.2751500311839,Expt,https://doi.org/10.1021/acs.chemmater.0c00703
BiSbSe0.98Br0.023,700,137.76,-208,0.53,0.787176235471698,Expt,10.1002/adfm.201806558
BiSbSe0.96Br0.043,600,146.3,-192,0.53,0.63,Expt,10.1002/adfm.201806558
BiSbSe0.94Br0.063,500,193.62,-169,0.53,0.521696303773585,Expt,10.1002/adfm.201806558
BiSbSe0.92Br0.083,500,208.5,-163,0.53,0.522607216981132,Expt,10.1002/adfm.201806558
PbTe0.1Ag2Te0.9,450,420.89,-120.3,0.53,0.517173789065094,Expt,10.1039/c1jm13888j
CsNd2Ag3Te5,298,0.8382,-32.57,0.5303,0.0000499663712652536,Expt,https://doi.org/10.1021/ic5007132
Rb2Bi8Se12.9935,526,40.15,-291,0.532,0.336159693778195,Expt,https://doi.org/10.1021/acs.chemmater.0c00703
PbTe0.1Ag2Te0.9,550,271.5,-159.4,0.532,0.713177322744361,Expt,10.1039/c1jm13888j
Rb2Bi8Se12.9935,625,50,-273,0.534,0.436148174157303,Expt,https://doi.org/10.1021/acs.chemmater.0c00703
Rb2Bi8Se12.961,526,60.6,-241,0.535,0.346049854878505,Expt,https://doi.org/10.1021/acs.chemmater.0c00703
Rb2Bi8Se12.9909Cl0.0091,526,61.76,-201.26,0.537,0.245038137324502,Expt,https://doi.org/10.1021/acs.chemmater.0c00703
Ce0.2Bi1.8Te3,423,722.57,-150.18,0.5386,1.27990620532981,Expt,http://dx.doi.org/10.1016/j.pnsc.2013.06.007
Rb2Bi8Se12.9805,625,32.9,-275,0.54,0.287970196759259,Expt,https://doi.org/10.1021/acs.chemmater.0c00703
BiSbSe2.76Cl0.24,400,110.5,-159,0.54,0.206929666666667,Expt,10.1039/d0ra04065g
In4Pb0.01Sn0.03Se2.9Cl0.06,673,104,-261.4,0.542,0.894,Expt,10.1039/c4dt03432e
PbTe0.15Ag2Te0.85,500,307,-160.5,0.543,0.726,Expt,10.1039/c1jm13888j
Ag8SiSe6,423,569.23,-97.93,0.5433,0.425030359017895,Expt,https://doi.org/10.1021/acsami.0c15877
Rb2Bi8Se12.9805,526,35.98,-292.4,0.55,0.294197481259054,Expt,https://doi.org/10.1021/acs.chemmater.0c00703
BiSbSe2.82Cl0.18,500,117.7,-182,0.55,0.3544268,Expt,10.1039/d0ra04065g
BiSbSe0.96Br0.043,500,164.36,-169,0.55,0.426753269090909,Expt,10.1002/adfm.201806558
In4Pb0.01Sn0.03Se2.9Cl0.04,673,137.62,-261.5,0.554,1.14322112091787,Expt,10.1039/c4dt03432e
Ag8SiSe6,298,423.9,-162.46,0.554,0.601814730553343,Expt,https://doi.org/10.1021/acsami.0c15877
PbTe0.15Ag2Te0.85,450,372.3,-140.6,0.555,0.6019,Expt,10.1039/c1jm13888j
K0.995Ba0.005GaSb4,602,70.53,-292.86,0.555653345874113,0.65537,Expt,https://doi.org/10.1021/acs.chemmater.7b01217
K0.99Ba0.01GaSb4,649,104.24,-250,0.558551519154557,0.757,Expt,https://doi.org/10.1021/acs.chemmater.7b01217
BiSbSe0.98Br0.023,600,150,-190,0.56,0.580178571428571,Expt,10.1002/adfm.201806558
BiSbSe2.88Cl0.12,300,77.35,-165,0.56,0.11281359375,Expt,10.1039/d0ra04065g
Ag8SiSe6,298,516.58,-158,0.563,0.682589543474245,Expt,https://doi.org/10.1021/acsami.0c15877
Ag8SiSe6,343,450.83,-162.58,0.565,0.723423676887525,Expt,https://doi.org/10.1021/acsami.0c15877
Ce0.2Bi1.8Te3,458,674,-152.58,0.566,1.242,Expt,http://dx.doi.org/10.1016/j.pnsc.2013.06.007
In4Pb0.01Sn0.03Se2.9Cl0.06,623,103.35,-249.5,0.568,0.715,Expt,10.1039/c4dt03432e
In4Pb0.01Sn0.03Se2.9Cl0.02,673,137.6,-262.4,0.5683,1.12197583565863,Expt,10.1039/c4dt03432e
Ce0.2Bi1.8Te3,473,630.9,-155.03,0.5693,1.25983009434114,Expt,http://dx.doi.org/10.1016/j.pnsc.2013.06.007
Bi1.2Sb0.8Se2.76Cl0.24,700,159,-188,0.57,0.690138105263158,Expt,10.1039/d0ra04065g
BiSbSe0.94Br0.063,400,225,-141,0.57,0.313910526315789,Expt,10.1002/adfm.201806558
BiSbSe0.92Br0.083,400,238.83,-138,0.57,0.31917744,Expt,10.1002/adfm.201806558
AgBiSe2.0,528,36.78,-213.7,0.574,0.154505092851847,Expt,10.1021/ja312474n
In4Se2.67Cl0.03,698,263,-218.7,0.575,1.533,Expt,10.1002/adma.201004739
Ag2Te,500,510.66,-117.74,0.5763,0.614187945776158,Expt,10.1039/c1jm13888j
Ce0.2Bi1.8Te3,373,840.83,-141.2,0.577,1.08370383584915,Expt,http://dx.doi.org/10.1016/j.pnsc.2013.06.007
BiSbSe0.98Br0.023,500,167.02,-173,0.58,0.42,Expt,10.1002/adfm.201806558
BiSbSe2.82Cl0.18,400,148,-152,0.58,0.235820137931034,Expt,10.1039/d0ra04065g
Y0.2Bi1.8Te3,423,720.86,-147.4,0.58,1.14224237695738,Expt,http://dx.doi.org/10.1016/j.pnsc.2013.06.007
BiSbSe2.76Cl0.24,300,132.6,-132,0.58,0.119504606896552,Expt,10.1039/d0ra04065g
In4Pb0.01Sn0.03Se2.9Cl0.04,623,141.83,-259.4,0.5814,1.02263597274723,Expt,10.1039/c4dt03432e
Rb2Bi8Se12.9415,625,64.39,-217.7,0.5868,0.325031307845518,Expt,https://doi.org/10.1021/acs.chemmater.0c00703
Rb2Bi8Se12.961,428,84.8,-218.5,0.587,0.295191877069847,Expt,https://doi.org/10.1021/acs.chemmater.0c00703
Rb2Bi8Se12.9909Cl0.0091,428,86.03,-178.62,0.59,0.199114024456898,Expt,https://doi.org/10.1021/acs.chemmater.0c00703
AgBiSe2.0,418,209.28,-145,0.59,0.311736748474576,Expt,10.1039/c7dt04821a
BiSbSe0.96Br0.043,400,190,-141,0.59,0.28,Expt,10.1002/adfm.201806558
In4Pb0.01Sn0.03Se2.9Cl0.02,623,148,-260,0.592,1.05287,Expt,10.1039/c4dt03432e
Rb2Bi8Se12.9415,526,59.5,-220,0.594,0.255012592592593,Expt,https://doi.org/10.1021/acs.chemmater.0c00703
Y0.2Bi1.8Te3,398,781,-143.3,0.596,1.07097720433222,Expt,http://dx.doi.org/10.1016/j.pnsc.2013.06.007
In4Se2.67Cl0.03,648,291.37,-208.24,0.6,1.3645733951209,Expt,10.1002/adma.201004739
Sm0.2Bi1.8Te3,398,690,-147.7,0.6,0.993,Expt,http://dx.doi.org/10.1016/j.pnsc.2013.06.007
Ag2Te,550,465.5,-119.7,0.6013,0.61456,Expt,10.1039/c1jm13888j
Ag8SiSe6,398,503.38,-158.71,0.6016,0.838841260545526,Expt,https://doi.org/10.1021/acsami.0c15877
AgBiSe2.0,323,185.5,-133,0.605,0.175183961735537,Expt,10.1039/c7dt04821a
Rb2Bi8Se12.9935,428,54.55,-263.6,0.608,0.266824532089474,Expt,https://doi.org/10.1021/acs.chemmater.0c00703
Ag8SiSe6,343,486.13,-157.38,0.6091,0.678042670231291,Expt,https://doi.org/10.1021/acsami.0c15877
Ag0.98Nb0.02BiSe2.0,528,78.53,-189.2,0.61,0.243322320245508,Expt,10.1021/ja312474n
BiSbSe0.98Br0.023,400,193.62,-147,0.61,0.274356365901639,Expt,10.1002/adfm.201806558
Ag2.0Se0.5Te0.5,300,617.43,-90.7,0.61,0.249800740362295,Expt,https://doi.org/10.1021/acs.inorgchem.1c01563
K0.99Ba0.01GaSb4,602,111.41,-245.92,0.61150268530156,0.6633,Expt,https://doi.org/10.1021/acs.chemmater.7b01217
In4Se2.67Cl0.03,623,304.51,-202.75,0.612,1.27426545471129,Expt,10.1002/adma.201004739
Mg3.5Gd0.04Sb1.97Te0.03,700,165.27,-253.87,0.6141,1.21415948177562,Expt,https://doi.org/10.1021/acsami.0c22558
In4Pb0.01Sn0.03Se2.9Cl0.06,573,101,-246.8,0.61448,0.573665264861346,Expt,10.1039/c4dt03432e
Ag8SiSe6,343,588.47,-152.1,0.616,0.7649,Expt,https://doi.org/10.1021/acsami.0c15877
In4Se2.67Cl0.03,598,318.9,-192.86,0.6173,1.14906276343352,Expt,10.1002/adma.201004739
In4Se2.67Cl0.03,573,333.33,-179.2,0.618,0.996,Expt,10.1002/adma.201004739
Rb2Bi8Se12.9805,428,54.55,-257.2,0.619,0.249511061262682,Expt,https://doi.org/10.1021/acs.chemmater.0c00703
Bi1.2Sb0.8Se2.88Cl0.12,700,113.2,-197,0.62,0.496004058064516,Expt,10.1039/d0ra04065g
Bi1.2Sb0.8Se2.82Cl0.18,700,151.38,-190,0.62,0.616995580645161,Expt,10.1039/d0ra04065g
Bi1.2Sb0.8Se2.76Cl0.24,600,193.92,-168,0.62,0.529664330322581,Expt,10.1039/d0ra04065g
BiSbSe2.82Cl0.18,300,180.1,-125,0.62,0.136164314516129,Expt,10.1039/d0ra04065g
Sm0.2Bi1.8Te3,423,640,-152.27,0.621,1.01078185395942,Expt,http://dx.doi.org/10.1016/j.pnsc.2013.06.007
Rb2Bi8Se12.9935Cl0.0065,330,95.59,-199.25,0.6223,0.201244148142978,Expt,https://doi.org/10.1021/acs.chemmater.0c00703
Mg3.5Gd0.04Sb2,700,113.22,-303.8,0.6261,1.16829636603737,Expt,https://doi.org/10.1021/acsami.0c22558
Mg3.07Sb1.5Bi0.46Se0.04,700,108.09,-304.84,0.6264,1.12247251008506,Expt,https://doi.org/10.1021/acs.chemmater.7b01746
Rb2Bi8Se12.9805Cl0.0195,625,93.38,-160,0.6284,0.237759388924252,Expt,https://doi.org/10.1021/acs.chemmater.0c00703
Rb2Bi8Se12.909,625,79.55,-193.2,0.6294,0.294854463775024,Expt,https://doi.org/10.1021/acs.chemmater.0c00703
Ag2Te,600,431,-123.2,0.63,0.623030613333333,Expt,10.1039/c1jm13888j
BiSbSe0.92Br0.083,300,277.66,-110,0.63,0.159985047619048,Expt,10.1002/adfm.201806558
Y0.2Bi1.8Te3,373,849,-138.4,0.631,0.963,Expt,http://dx.doi.org/10.1016/j.pnsc.2013.06.007
Mg3.07Sb1.5Bi0.48Se0.02,700,115.67,-302.17,0.63194,1.16989158985412,Expt,https://doi.org/10.1021/acs.chemmater.7b01746
Ag2.0Se0.5Te0.5,315,634,-92.76,0.632,0.271896873243038,Expt,https://doi.org/10.1021/acs.inorgchem.1c01563
Mg3.5Gd0.03Sb1.97Te0.03,700,132.18,-279.58,0.6337,1.14128019668398,Expt,https://doi.org/10.1021/acsami.0c22558
AgBiSe2.0,478,56.64,-188,0.635,0.150693012359055,Expt,10.1021/ja312474n
BiSbSe0.94Br0.063,300,261.17,-112,0.64,0.15356796,Expt,10.1002/adfm.201806558
AgBiSe2.0,296,72.32,-154,0.645,0.0787103521736434,Expt,10.1021/ja312474n
CsPr2Ag3Te5,298,0.5294,-49.08,0.6466,0.000058772424788073,Expt,https://doi.org/10.1021/ic5007132
K0.98Ba0.02GaSb4,649,163.3,-221.43,0.647689727984336,0.8023,Expt,https://doi.org/10.1021/acs.chemmater.7b01217
Rb2Bi8Se12.9805Cl0.0195,526,94.12,-147.42,0.6477,0.166114131282008,Expt,https://doi.org/10.1021/acs.chemmater.0c00703
Ag2.0Se0.5Te0.5,330,644.95,-95,0.648,0.296423200231481,Expt,https://doi.org/10.1021/acs.inorgchem.1c01563
K0.985Ba0.015GaSb4,649,147.8,-233,0.649073951863393,0.8023,Expt,https://doi.org/10.1021/acs.chemmater.7b01217
Bi1.2Sb0.8Se2.76Cl0.24,500,239.23,-143,0.65,0.37630879,Expt,10.1039/d0ra04065g
BiSbSe0.96Br0.043,300,210,-100,0.65,0.12,Expt,10.1002/adfm.201806558
Rb2Bi8Se12.909,526,76,-184,0.6548,0.206693258399511,Expt,https://doi.org/10.1021/acs.chemmater.0c00703
Mg3.5Gd0.03Sb2,700,111.22,-291.9,0.6554,1.01214488265792,Expt,https://doi.org/10.1021/acsami.0c22558
Mg3.07Sb1.5Bi0.47Se0.03,700,114.48,-301.52,0.6556,1.11127351711629,Expt,https://doi.org/10.1021/acs.chemmater.7b01746
Mg3.07Sb1.5Bi0.46Se0.04,600,107.49,-303.87,0.657,0.906420241733425,Expt,https://doi.org/10.1021/acs.chemmater.7b01746
Ag8SiSe6,398,544.12,-153.63,0.6579,0.776908613002211,Expt,https://doi.org/10.1021/acsami.0c15877
Rb2Bi8Se12.9909Cl0.0091,330,125,-160,0.6599,0.160024246097894,Expt,https://doi.org/10.1021/acs.chemmater.0c00703
Bi1.2Sb0.8Se2.82Cl0.18,600,176.8,-168,0.66,0.453636654545455,Expt,10.1039/d0ra04065g
Ag2Te,650,411.3,-124.7,0.66,0.63354,Expt,10.1039/c1jm13888j
Ag2.0Se0.5Te0.5,345,650,-97.84,0.66,0.325253069818182,Expt,https://doi.org/10.1021/acs.inorgchem.1c01563
In4Se2.67Cl0.03,523,409.1,-164.8,0.661,0.879111828603933,Expt,10.1002/adma.201004739
CsSm2Ag3Te5,298,0.8382,-90.28,0.6625,0.000307298994184791,Expt,https://doi.org/10.1021/ic5007132
Rb2Bi8Se12.9415,428,80.3,-194.4,0.664,0.195606713407229,Expt,https://doi.org/10.1021/acs.chemmater.0c00703
In4Pb0.01Sn0.03Se2.9Cl0.06,523,89.1,-233,0.666,0.39,Expt,10.1039/c4dt03432e
Ag0.98Nb0.02BiSe2.0,478,118.52,-164.7,0.666,0.230745111304865,Expt,10.1021/ja312474n
Ag2.0Se0.5Te0.5,390,619.27,-108,0.666,0.422978147027027,Expt,https://doi.org/10.1021/acs.inorgchem.1c01563
Mg3.07Sb1.5Bi0.45Se0.05,700,106.9,-306.3,0.667,1.05255283398801,Expt,https://doi.org/10.1021/acs.chemmater.7b01746
Ag2.0Se0.5Te0.5,360,645.87,-101,0.667,0.355602271844078,Expt,https://doi.org/10.1021/acs.inorgchem.1c01563
K0.995Ba0.005GaSb4,509,68.22,-268.37,0.668691538220979,0.374,Expt,https://doi.org/10.1021/acs.chemmater.7b01217
Bi1.2Sb0.8Se2.88Cl0.12,600,137,-177,0.67,0.384364746268657,Expt,10.1039/d0ra04065g
AgBiSe2.0,375,83.1,-166,0.67,0.128166246268657,Expt,10.1021/ja312474n
Ce0.2Bi1.8Te3,498,590.28,-154.63,0.67,1.04905949869841,Expt,http://dx.doi.org/10.1016/j.pnsc.2013.06.007
Ag2.0Se0.6Te0.4,300,755,-107,0.67,0.387044552238806,Expt,https://doi.org/10.1021/acs.inorgchem.1c01563
Ag2.0Se0.5Te0.5,375,640,-104,0.67,0.387438805970149,Expt,https://doi.org/10.1021/acs.inorgchem.1c01563
K0.98Ba0.02GaSb4,602,173.09,-212.93,0.670025702401543,0.7051,Expt,https://doi.org/10.1021/acs.chemmater.7b01217
Ag8SiSe6,398,651.98,-147.68,0.6703,0.844289704995748,Expt,https://doi.org/10.1021/acsami.0c15877
Mg3.07Sb1.5Bi0.48Se0.02,600,120.53,-298.48,0.67083,0.960427092930728,Expt,https://doi.org/10.1021/acs.chemmater.7b01746
Mg3.5Gd0.03Sb1.97Te0.03,600,154.32,-266.55,0.6728,0.977788344274673,Expt,https://doi.org/10.1021/acsami.0c22558
AgBiSe2.0,425,76.2,-177.3,0.674,0.15104330365727,Expt,10.1021/ja312474n
Mg3.07Sb1.5Bi0.44Se0.06,700,101.17,-314.09,0.6764,1.03289080241187,Expt,https://doi.org/10.1021/acs.chemmater.7b01746
Ag0.98Nb0.02BiSe2.0,425,147.13,-150,0.68,0.2069015625,Expt,10.1021/ja312474n
BiSbSe0.98Br0.023,300,219.15,-109,0.68,0.12,Expt,10.1002/adfm.201806558
Ag8SiSe6,298,685.19,-151.94,0.6811,0.692086924035095,Expt,https://doi.org/10.1021/acsami.0c15877
Mg3.07Sb1.5Bi0.47Se0.03,600,114.14,-299.89,0.6819,0.903217610303036,Expt,https://doi.org/10.1021/acs.chemmater.7b01746
Mg3.07Sb1.5Bi0.46Se0.04,500,98.23,-306.24,0.682,0.675388413522581,Expt,https://doi.org/10.1021/acs.chemmater.7b01746
Rb2Bi8Se12.961,330,112,-186,0.6822,0.187433034300792,Expt,https://doi.org/10.1021/acs.chemmater.0c00703
In4Se2.67Cl0.03,473,500,-151.2,0.683,0.791615016105417,Expt,10.1002/adma.201004739
Ag2.0Se0.6Te0.4,315,771.56,-108,0.688,0.412039954883721,Expt,https://doi.org/10.1021/acs.inorgchem.1c01563
Sm0.2Bi1.8Te3,458,566,-154.8,0.69,0.92,Expt,http://dx.doi.org/10.1016/j.pnsc.2013.06.007
Ag0.98Nb0.02BiSe2.0,375,160,-138,0.69,0.1656,Expt,10.1021/ja312474n
Bi1.2Sb0.8Se2.76Cl0.24,400,316.02,-115,0.69,0.242282,Expt,10.1039/d0ra04065g
Mg3.5Gd0.02Sb2,700,72.79,-318.66,0.6913,0.748442267959902,Expt,https://doi.org/10.1021/acsami.0c22558
In4Pb0.01Sn0.03Se2.9Cl0.02,523,166.6,-231.1,0.6917,0.68,Expt,10.1039/c4dt03432e
K0.99Ba0.01GaSb4,509,132.66,-220.4,0.699520945461804,0.4689,Expt,https://doi.org/10.1021/acs.chemmater.7b01217
Ag0.98Nb0.02BiSe2.0,296,138,-121.4,0.7,0.0860023128685714,Expt,10.1021/ja312474n
Ag0.8Sb0.8Pb18.3Te20.0,673,191.16,-242,0.701,1.07479292774893,Expt,https://doi.org/10.1016/j.jallcom.2004.08.049
Mg3.07Sb1.5Bi0.44Se0.06,600,99.23,-311.83,0.7014,0.825399629542087,Expt,https://doi.org/10.1021/acs.chemmater.7b01746
Mg3.5Gd0.035Sb2,700,121.56,-275.35,0.7022,0.918751514350612,Expt,https://doi.org/10.1021/acsami.0c22558
Mg3.07Sb1.5Bi0.45Se0.05,600,107.04,-304.57,0.7028,0.847695435375299,Expt,https://doi.org/10.1021/acs.chemmater.7b01746
Mg3.5Ho0.01Sb2,700,21.39,-317.48,0.7045,0.214220273972917,Expt,https://doi.org/10.1021/acsami.0c22558
Rb2Bi8Se12.9805Cl0.0195,428,144.85,-131.82,0.7046,0.152891113745092,Expt,https://doi.org/10.1021/acs.chemmater.0c00703
In4Se2.32Cl0.03,698,108.6,-311,0.705,1.03996065514894,Expt,10.1002/adma.201004739
Mg3.07Sb1.5Bi0.47Se0.03,500,104.59,-301.52,0.7056,0.673804402263039,Expt,https://doi.org/10.1021/acs.chemmater.7b01746
Ag2.0Se0.6Te0.4,330,783.5,-109,0.706,0.435112174929178,Expt,https://doi.org/10.1021/acs.inorgchem.1c01563
K0.985Ba0.015GaSb4,602,157.96,-228.9,0.706717889035915,0.705,Expt,https://doi.org/10.1021/acs.chemmater.7b01217
Mg3.07Sb1.5Bi0.48Se0.02,500,116.89,-298.26,0.7069,0.735494464292262,Expt,https://doi.org/10.1021/acs.chemmater.7b01746
Mg3.07Sb1.5Bi0.46Se0.04,400,81.49,-297.93,0.7069,0.40929345573637,Expt,https://doi.org/10.1021/acs.chemmater.7b01746
Mg3.5Gd0.04Sb1.97Te0.03,600,185.75,-238.57,0.7076,0.896445537606699,Expt,https://doi.org/10.1021/acsami.0c22558
Mg3.5Gd0.04Sb2,600,124.05,-290.85,0.7087,0.888431037910964,Expt,https://doi.org/10.1021/acsami.0c22558
Ca9Yb2Sb9Ge,327,100,-5.48,0.7094,0.000138426005074711,Expt,https://doi.org/10.1021/acs.inorgchem.7b00617
AgBiSe2.0,514,134,-177,0.71,0.303917775211268,Expt,10.1039/c7dt04821a
Bi1.2Sb0.8Se2.88Cl0.12,500,171.27,-152,0.71,0.278663526760563,Expt,10.1039/d0ra04065g
Bi1.2Sb0.8Se2.82Cl0.18,500,220.44,-144,0.71,0.321904495774648,Expt,10.1039/d0ra04065g
Rb2Bi8Se12.974Cl0.026,625,134.7,-128.4,0.71,0.195487643661972,Expt,https://doi.org/10.1021/acs.chemmater.0c00703
Rb2Bi8Se12.9935,330,84.85,-220,0.7117,0.190420710973725,Expt,https://doi.org/10.1021/acs.chemmater.0c00703
Rb2Bi8Se12.909,428,107.95,-166,0.7137,0.178388516967914,Expt,https://doi.org/10.1021/acs.chemmater.0c00703
Ag0.96Nb0.04BiSe2.0,375,246.15,-98,0.7148,0.124021995663123,Expt,10.1021/ja312474n
Mg3.5Ho0.02Sb2,700,68.19,-333.57,0.717,0.740753214353096,Expt,https://doi.org/10.1021/acsami.0c22558
Mg3.5Ho0.04Sb2,700,96.55,-310.49,0.717,0.908712280356834,Expt,https://doi.org/10.1021/acsami.0c22558
Ag0.8Sb0.8Pb18.3Te20.0,623,160,-260,0.72,0.935884444444444,Expt,https://doi.org/10.1016/j.jallcom.2004.08.049
In4Pb0.01Sn0.03Se2.9Cl0.06,473,77,-222,0.72,0.52,Expt,10.1039/c4dt03432e
Ag2.0Se0.6Te0.4,345,789.9,-111,0.72,0.466342149375,Expt,https://doi.org/10.1021/acs.inorgchem.1c01563
Bi1.2Sb0.8Se2.76Cl0.24,300,397.24,-89,0.72,0.131105751666667,Expt,10.1039/d0ra04065g
Ag0.96Nb0.04BiSe2.0,296,221,-85,0.72,0.0656431388888889,Expt,10.1021/ja312474n
In4Se2.32Cl0.03,673,111.8,-306.1,0.7247,0.972803816267973,Expt,10.1002/adma.201004739
Mg3.5Gd0.01Sb2,700,50.62,-323.94,0.725,0.512874763812745,Expt,https://doi.org/10.1021/acsami.0c22558
Mg3.5Ho0.01Sb1.97Te0.03,700,107.55,-297.8,0.7284,0.916616993327842,Expt,https://doi.org/10.1021/acsami.0c22558
Rb2Bi8Se12.974Cl0.026,526,144.9,-118.3,0.732,0.145717777197541,Expt,https://doi.org/10.1021/acs.chemmater.0c00703
In4Se2.32Cl0.03,648,115.16,-301.7,0.7327,0.927045587011765,Expt,10.1002/adma.201004739
Sm0.2Bi1.8Te3,373,746,-142.6,0.734,0.766,Expt,http://dx.doi.org/10.1016/j.pnsc.2013.06.007
Ag0.8Sb0.8Pb18.3Te20.0,573,122.28,-273.6,0.7346,0.713988660008494,Expt,https://doi.org/10.1016/j.jallcom.2004.08.049
Mg3.07Sb1.5Bi0.47Se0.03,400,86.02,-293.48,0.7347,0.403372614923534,Expt,https://doi.org/10.1021/acs.chemmater.7b01746
Mg3.5Ho0.03Sb2,700,82.61,-304.2,0.7352,0.727852843890098,Expt,https://doi.org/10.1021/acsami.0c22558
Sm0.2Bi1.8Te3,473,556,-155.8,0.7364,0.866876159196089,Expt,http://dx.doi.org/10.1016/j.pnsc.2013.06.007
Ag2.0Se0.6Te0.4,360,792.66,-113,0.737,0.494400433432836,Expt,https://doi.org/10.1021/acs.inorgchem.1c01563
Mg3.07Sb1.5Bi0.45Se0.05,500,99.87,-305.65,0.7375,0.632545586445763,Expt,https://doi.org/10.1021/acs.chemmater.7b01746
In4Se2.32Cl0.03,623,120,-296.7,0.738,0.891760072682927,Expt,10.1002/adma.201004739
Ag8SiSe6,343,791.44,-145.49,0.738,0.778613701831869,Expt,https://doi.org/10.1021/acsami.0c15877
Bi1.9Nb0.1Te3,572,344.81,-105.5,0.7395,0.29685380654902,Expt,https://doi.org/10.1021/acsami.1c00355
Rb2Bi8Se12.9805,330,81.06,-223.2,0.74,0.180084858966486,Expt,https://doi.org/10.1021/acs.chemmater.0c00703
Y0.2Bi1.8Te3,458,666,-150,0.74,0.925,Expt,http://dx.doi.org/10.1016/j.pnsc.2013.06.007
Mg3.07Sb1.5Bi0.44Se0.06,500,90.22,-312.69,0.7403,0.595789798523706,Expt,https://doi.org/10.1021/acs.chemmater.7b01746
Mg3.07Sb1.5Bi0.46Se0.04,300,73.46,-281.52,0.7403,0.235929874671782,Expt,https://doi.org/10.1021/acs.chemmater.7b01746
In4Se2.67Cl0.03,423,710.5,-137.08,0.742,0.761112292000755,Expt,10.1002/adma.201004739
In4Se2.32Cl0.03,598,124.6,-292.8,0.743,0.859750738071602,Expt,10.1002/adma.201004739
In4Pb0.01Sn0.03Se2.9Cl0.02,473,139,-229.4,0.744,0.472,Expt,10.1039/c4dt03432e
Mg3.5Ho0.03Sb1.97Te0.03,700,166.67,-256.1,0.7472,1.02408915999599,Expt,https://doi.org/10.1021/acsami.0c22558
Mg3.5Ho0.04Sb1.97Te0.03,700,161.5,-265.5,0.7477,1.0657914621506,Expt,https://doi.org/10.1021/acsami.0c22558
Mg3.07Sb1.5Bi0.48Se0.02,400,107.34,-285,0.7486,0.465866497461929,Expt,https://doi.org/10.1021/acs.chemmater.7b01746
Ag2.0Se0.8Te0.2,300,906.4,-126.55,0.75,0.58063630504,Expt,https://doi.org/10.1021/acs.inorgchem.1c01563
Ag2.0Se0.6Te0.4,375,789.9,-115,0.752,0.520932222406915,Expt,https://doi.org/10.1021/acs.inorgchem.1c01563
Y0.2Bi1.8Te3,473,623.34,-152.13,0.753,0.90619339359354,Expt,http://dx.doi.org/10.1016/j.pnsc.2013.06.007
Rb2Bi8Se12.9415,330,112.6,-167.3,0.7533,0.138062662660295,Expt,https://doi.org/10.1021/acs.chemmater.0c00703
Bi1.9Nb0.1Te3,505,557.14,-117.07,0.7548,0.510875485202561,Expt,https://doi.org/10.1021/acsami.1c00355
Bi2Te3,423,905,-151.8,0.755,1.16838383054305,Expt,http://dx.doi.org/10.1016/j.pnsc.2013.06.007
Ag0.8Sb0.8Pb18.3Te20.0,523,88,-294,0.76,0.523438218947368,Expt,https://doi.org/10.1016/j.jallcom.2004.08.049
Bi1.9Nb0.1Te3,478,600,-117.7,0.7615,0.521749648325673,Expt,https://doi.org/10.1021/acsami.1c00355
Mg3.5Gd0.03Sb2,600,139.42,-272.89,0.762,0.81751663793559,Expt,https://doi.org/10.1021/acsami.0c22558
Mg3.5Gd0.045Sb2,700,146.31,-271.48,0.763,0.989289030222385,Expt,https://doi.org/10.1021/acsami.0c22558
Bi1.92Nb0.08Te3,572,666.67,-112.2,0.763,0.629170160251848,Expt,https://doi.org/10.1021/acsami.1c00355
Ag2.0Se0.8Te0.2,315,938.5,-126.5,0.765,0.618392831617647,Expt,https://doi.org/10.1021/acs.inorgchem.1c01563
Ag2.0Se0.6Te0.4,390,783.5,-117.5,0.767,0.550026959745763,Expt,https://doi.org/10.1021/acs.inorgchem.1c01563
Mg3.5Ho0.01Sb2,600,23.08,-296.8,0.7682,0.158796360781047,Expt,https://doi.org/10.1021/acsami.0c22558
Rb2Bi8Se12.974Cl0.026,428,217.7,-106.7,0.769,0.137944597748244,Expt,https://doi.org/10.1021/acs.chemmater.0c00703
Mg3.5Gd0.02Sb2,600,91.47,-295,0.77,0.620273512987013,Expt,https://doi.org/10.1021/acsami.0c22558
Bi1.2Sb0.8Se2.88Cl0.12,400,226.52,-123,0.77,0.178027069090909,Expt,10.1039/d0ra04065g
Bi1.2Sb0.8Se2.82Cl0.18,400,282.87,-116,0.77,0.197729803636364,Expt,10.1039/d0ra04065g
In4Pb0.01Sn0.03Se2.9Cl0.06,423,52.25,-231,0.772,0.155,Expt,10.1039/c4dt03432e
Mg3.5Ho0.02Sb1.97Te0.03,700,140.59,-280.5,0.7761,0.997701255411674,Expt,https://doi.org/10.1021/acsami.0c22558
Mg3.07Sb1.5Bi0.47Se0.03,300,75.61,-280.98,0.7764,0.230656544970788,Expt,https://doi.org/10.1021/acs.chemmater.7b01746
Bi1.9Nb0.1Te3,426,647.06,-112.53,0.7774,0.448999910002933,Expt,https://doi.org/10.1021/acsami.1c00355
Bi1.92Nb0.08Te3,505,985.71,-121.2,0.7786,0.939142254137169,Expt,https://doi.org/10.1021/acsami.1c00355
Mg3.5Gd0.03Sb1.97Te0.03,500,176.55,-251.76,0.7804,0.716958347083547,Expt,https://doi.org/10.1021/acsami.0c22558
K0.98Ba0.02GaSb4,509,211.3,-192.86,0.781538562779924,0.51186,Expt,https://doi.org/10.1021/acs.chemmater.7b01217
Ag2.0Se0.8Te0.2,330,968,-126.5,0.782,0.653677588235294,Expt,https://doi.org/10.1021/acs.inorgchem.1c01563
PbTe0.1Ag2Te0.9,350,1274.5,-95,0.784,0.515,Expt,10.1039/c1jm13888j
Mg3.5Gd0.01Sb2,600,59.26,-308.8,0.7859,0.431419918137168,Expt,https://doi.org/10.1021/acsami.0c22558
Ca9Yb2Sb9Ge,419,123.71,-3.56,0.7875,0.0000834196307890794,Expt,https://doi.org/10.1021/acs.inorgchem.7b00617
Mg3.5Gd0.04Sb1.97Te0.03,500,201.47,-226.79,0.788,0.657509414024556,Expt,https://doi.org/10.1021/acsami.0c22558
Mg3.5Ho0.01Sb1.97Te0.03,600,128.75,-281.91,0.789,0.778112600218631,Expt,https://doi.org/10.1021/acsami.0c22558
Gd2.75Se4,650,57.2,-168.8,0.789,0.134269467579214,Expt,https://doi.org/10.1021/acs.chemmater.0c03581
Ag8SiSe6,398,905.2,-140.3,0.7899,0.897781900324598,Expt,https://doi.org/10.1021/acsami.0c15877
Ag2.0Se0.9Te0.1,300,900,-137.8,0.79,0.648985670886076,Expt,https://doi.org/10.1021/acs.inorgchem.1c01563
Mg3.07Sb1.5Bi0.44Se0.06,400,74.81,-304.3,0.7931,0.349378037417728,Expt,https://doi.org/10.1021/acs.chemmater.7b01746
Bi1.92Nb0.08Te3,478,1040.26,-120.53,0.7935,0.910360022726434,Expt,https://doi.org/10.1021/acsami.1c00355
K0.975Ba0.025GaSb4,509,200,-206.122,0.795787155545759,0.5435,Expt,https://doi.org/10.1021/acs.chemmater.7b01217
Mg3.07Sb1.5Bi0.45Se0.05,400,85.07,-293.9,0.7958,0.369344521472732,Expt,https://doi.org/10.1021/acs.chemmater.7b01746
Mg3.07Sb1.5Bi0.48Se0.02,300,110.4,-275.82,0.7972,0.316063646498746,Expt,https://doi.org/10.1021/acs.chemmater.7b01746
Ag2.0Se0.8Te0.2,345,990.8,-126.64,0.8,0.6852624106512,Expt,https://doi.org/10.1021/acs.inorgchem.1c01563
Rb2Bi8Se12.9805Cl0.0195,330,210.29,-112.7,0.8,0.110176863806625,Expt,https://doi.org/10.1021/acs.chemmater.0c00703
K0.995Ba0.005GaSb4,416,39.42,-231.6,0.802558144747445,0.1096,Expt,https://doi.org/10.1021/acs.chemmater.7b01217
Bi1.9Nb0.1Te3,366,649.02,-106.3,0.803,0.334264418205579,Expt,https://doi.org/10.1021/acsami.1c00355
Mg3.5Gd0.04Sb2,500,135.24,-278,0.8055,0.648782629422719,Expt,https://doi.org/10.1021/acsami.0c22558
Ag0.8Sb0.8Pb18.3Te20.0,473,69,-315,0.81,0.379567901234568,Expt,https://doi.org/10.1016/j.jallcom.2004.08.049
In3.95Pb0.05Se3,518,109,-259,0.81,0.467595978024691,Expt,10.1002/adma.201302038
Sm0.2Bi1.8Te3,498,523,-155.8,0.81,0.780514399081482,Expt,http://dx.doi.org/10.1016/j.pnsc.2013.06.007
Mg3.5Ho0.03Sb2,600,102.51,-283.33,0.8102,0.609411111168032,Expt,https://doi.org/10.1021/acsami.0c22558
Gd2.75Se4,550,72.3,-147,0.8113,0.105914197584124,Expt,https://doi.org/10.1021/acs.chemmater.0c03581
Bi1.92Nb0.08Te3,426,1127.92,-112.53,0.8144,0.747113818934741,Expt,https://doi.org/10.1021/acsami.1c00355
Mg3.5Gd0.035Sb2,600,149.31,-254.58,0.8154,0.712062316871523,Expt,https://doi.org/10.1021/acsami.0c22558
Ag2.0Se0.9Te0.1,315,941.28,-136.6,0.818,0.676359321588264,Expt,https://doi.org/10.1021/acs.inorgchem.1c01563
Ag2.0Se0.8Te0.2,360,1008.25,-127,0.818,0.715689869193154,Expt,https://doi.org/10.1021/acs.inorgchem.1c01563
Mg3.5Ho0.03Sb1.97Te0.03,600,189.74,-245.77,0.8191,0.839519831437871,Expt,https://doi.org/10.1021/acsami.0c22558
In4Se2.32Cl0.03,523,163.9,-270.3,0.82,0.763763467825976,Expt,10.1002/adma.201004739
Bi1.2Sb0.8Se2.88Cl0.12,300,296.7,-97,0.82,0.102133547560976,Expt,10.1039/d0ra04065g
PbTe0.05Ag2Te0.95,350,1455.5,-92.5,0.821,0.530909580542022,Expt,10.1039/c1jm13888j
Mg3.5Ho0.02Sb1.97Te0.03,600,164.96,-268.09,0.8239,0.863409106438354,Expt,https://doi.org/10.1021/acsami.0c22558
Mg3.07Sb1.5Bi0.44Se0.06,300,67.69,-296.45,0.825,0.21631903139,Expt,https://doi.org/10.1021/acs.chemmater.7b01746
Mg3.5Ho0.04Sb2,600,120.29,-292.55,0.825,0.748733097870909,Expt,https://doi.org/10.1021/acsami.0c22558
Ca3.3Yb1.5Sm0.2Al2Sb6,623,11.04,-99,0.825,0.0083,Expt,https://doi.org/10.1021/acs.chemmater.1c01318
Mg3.5Ho0.02Sb2,600,82.61,-313.64,0.8261,0.5902202976,Expt,https://doi.org/10.1021/acsami.0c22558
Y0.2Bi1.8Te3,498,590.45,-152.33,0.829,0.827,Expt,http://dx.doi.org/10.1016/j.pnsc.2013.06.007
Bi1.2Sb0.8Se2.82Cl0.18,300,362.63,-92,0.83,0.110938565783133,Expt,10.1039/d0ra04065g
Ag2.0Se0.8Te0.2,375,1018.35,-127.6,0.837,0.7428553,Expt,https://doi.org/10.1021/acs.inorgchem.1c01563
Mg3.5Ho0.04Sb1.97Te0.03,600,186.76,-254,0.8375,0.863212524895522,Expt,https://doi.org/10.1021/acsami.0c22558
Gd2.75Se4,450,76.1,-122.1,0.8377,0.0609452668556762,Expt,https://doi.org/10.1021/acs.chemmater.0c03581
Bi1.92Nb0.08Te3,366,1139.61,-103.51,0.8395,0.532330381950319,Expt,https://doi.org/10.1021/acsami.1c00355
Rb2Bi8Se12.909,330,157,-142.3,0.84,0.124894727964286,Expt,https://doi.org/10.1021/acs.chemmater.0c00703
Bi2Te3,398,984.21,-147.44,0.8415,1.01192277264232,Expt,http://dx.doi.org/10.1016/j.pnsc.2013.06.007
Mg3.5Gd0.04Sb1.97Te0.03,400,211.43,-201.07,0.8429,0.405644043478799,Expt,https://doi.org/10.1021/acsami.0c22558
Ag2.0Se0.9Te0.1,330,979.8,-135.6,0.845,0.703580906300592,Expt,https://doi.org/10.1021/acs.inorgchem.1c01563
In4Pb0.01Sn0.03Se2.9Cl0.02,373,83.3,-224,0.846,0.186,Expt,10.1039/c4dt03432e
Bi1.94Nb0.06Te3,505,570.78,-115.6,0.8467,0.454931735384906,Expt,https://doi.org/10.1021/acsami.1c00355
PbTe0.15Ag2Te0.85,350,794.73,-104.29,0.85,0.549,Expt,10.1039/c1jm13888j
Mg3.5Gd0.02Sb2,500,109.26,-273.94,0.8505,0.482023026721693,Expt,https://doi.org/10.1021/acsami.0c22558
Mg3.5Gd0.045Sb2,600,170.82,-257.39,0.8505,0.798360404862222,Expt,https://doi.org/10.1021/acsami.0c22558
Bi1.94Nb0.06Te3,478,635.29,-115.07,0.8521,0.471882179586696,Expt,https://doi.org/10.1021/acsami.1c00355
Bi1.94Nb0.06Te3,572,375.97,-100.67,0.8521,0.25577541212037,Expt,https://doi.org/10.1021/acsami.1c00355
Ca3.3Yb1.5Sm0.2Al2Sb6,523,7.29,-111,0.853,0.00550714033645955,Expt,https://doi.org/10.1021/acs.chemmater.1c01318
Ag0.8Sb0.8Pb18.3Te20.0,423,46.08,-337,0.8555,0.258757308820573,Expt,https://doi.org/10.1016/j.jallcom.2004.08.049
Bi1.9Nb0.1Te3,306,645.1,-100.4,0.856,0.232456732721495,Expt,https://doi.org/10.1021/acsami.1c00355
Ag2.0Se0.8Te0.2,390,1021.1,-128,0.857,0.761328347257876,Expt,https://doi.org/10.1021/acs.inorgchem.1c01563
Ag0.9Sb0.9Pb18.3Te19.9,523,86.25,-296,0.858,0.460634993006993,Expt,https://doi.org/10.1016/j.jallcom.2004.08.049
In3.96Pb0.04Se3,518,95,-272,0.86,0.423343330232558,Expt,10.1002/adma.201302038
In3.95Pb0.05Se3,480,112,-242,0.86,0.366093097674419,Expt,10.1002/adma.201302038
Mg3.5Ho0.01Sb2,500,25.61,-290.07,0.8602,0.125252318733376,Expt,https://doi.org/10.1021/acsami.0c22558
Mg3.5Gd0.03Sb2,500,166.67,-254.23,0.8604,0.626009080639412,Expt,https://doi.org/10.1021/acsami.0c22558
Bi1.94Nb0.06Te3,426,723.53,-107.14,0.8611,0.410880790019149,Expt,https://doi.org/10.1021/acsami.1c00355
Bi2Te3,458,833.33,-155.03,0.8682,1.038,Expt,http://dx.doi.org/10.1016/j.pnsc.2013.06.007
K0.99Ba0.01GaSb4,416,141.78,-186.4,0.868336617957966,0.236,Expt,https://doi.org/10.1021/acs.chemmater.7b01217
Bi1.94Nb0.06Te3,366,776.47,-97.4,0.8695,0.310065962117907,Expt,https://doi.org/10.1021/acsami.1c00355
Bi1.92Nb0.08Te3,306,1153.25,-96.58,0.8695,0.378573060060931,Expt,https://doi.org/10.1021/acsami.1c00355
Ag2.0Se0.9Te0.1,345,1017.43,-134.66,0.87,0.731613316708421,Expt,https://doi.org/10.1021/acs.inorgchem.1c01563
Mg3.5Ho0.01Sb1.97Te0.03,500,156.61,-261.35,0.8727,0.612871642129311,Expt,https://doi.org/10.1021/acsami.0c22558
K0.995Ba0.005GaSb4,324,16.33,-183,0.872845418128079,0.0203,Expt,https://doi.org/10.1021/acs.chemmater.7b01217
Mg3.07Sb1.5Bi0.45Se0.05,300,79,-279.24,0.8736,0.211539259285714,Expt,https://doi.org/10.1021/acs.chemmater.7b01746
Mg3.5Gd0.03Sb1.97Te0.03,400,191.98,-223.93,0.8736,0.440786123072436,Expt,https://doi.org/10.1021/acsami.0c22558
Bi2Te3,426,270.78,-132.8,0.874,0.232761367701968,Expt,https://doi.org/10.1021/acsami.1c00355
Gd2.75Se4,350,71.07,-93.12,0.8792,0.0245331105019108,Expt,https://doi.org/10.1021/acs.chemmater.0c03581
Mg3.5Ho0.03Sb1.97Te0.03,500,213.06,-235.21,0.8798,0.669883889403614,Expt,https://doi.org/10.1021/acsami.0c22558
In3.99Pb0.01Se3,518,111.11,-252,0.88,0.415337664763636,Expt,10.1002/adma.201302038
In4Se2.67Cl0.03,323,1052.63,-103.3,0.88,0.412283767937057,Expt,10.1002/adma.201004739
Mg3.5Gd0.01Sb2,500,67.11,-285.92,0.8813,0.311259448309543,Expt,https://doi.org/10.1021/acsami.0c22558
Bi1.94Nb0.06Te3,306,821.57,-87.63,0.882,0.218878466422573,Expt,https://doi.org/10.1021/acsami.1c00355
Ca9Yb2Sb9Ge,513,146.39,-1.33,0.8844,0.0000150204631414518,Expt,https://doi.org/10.1021/acs.inorgchem.7b00617
K0.985Ba0.015GaSb4,509,200,-211.9,0.892770292578125,0.512,Expt,https://doi.org/10.1021/acs.chemmater.7b01217
Mg3.5Ho0.02Sb1.97Te0.03,500,192.79,-253.19,0.894,0.691210117467506,Expt,https://doi.org/10.1021/acsami.0c22558
Ag2.0Se0.9Te0.1,360,1054.13,-133.8,0.896,0.7582298736375,Expt,https://doi.org/10.1021/acs.inorgchem.1c01563
Ca3.3Yb1.5Sm0.2Al2Sb6,423,3.54,-108.33,0.8973,0.00195840923288064,Expt,https://doi.org/10.1021/acs.chemmater.1c01318
Bi2Te3,373,1075,-143.4,0.9,0.916163719,Expt,http://dx.doi.org/10.1016/j.pnsc.2013.06.007
Rb2Bi8Se12.974Cl0.026,330,301.5,-92.1,0.9,0.09377304255,Expt,https://doi.org/10.1021/acs.chemmater.0c00703
PbTe0.1Ag2Te0.9,300,1459.5,-92.04,0.901,0.4127,Expt,10.1039/c1jm13888j
In4Se2.32Cl0.03,473,194.71,-256.6,0.907,0.668583130702845,Expt,10.1002/adma.201004739
Bi2Te1.95Se1.05,523,358.5,-189.44,0.907,0.76,Expt,https://doi.org/10.1007/s11664-020-08258-9
Ag2Se1.06,309,1106,-142.98,0.9072,0.793,Expt,https://doi.org/10.1021/acsami.1c18483
Bi2Te1.95Se1.05,473,394.5,-188.14,0.908,0.751,Expt,https://doi.org/10.1007/s11664-020-08258-9
Bi2Te3,478,227.92,-127.73,0.9089,0.195560011338398,Expt,https://doi.org/10.1021/acsami.1c00355
Mg3.5Gd0.04Sb2,400,148.93,-250,0.9098,0.409238294130578,Expt,https://doi.org/10.1021/acsami.0c22558
Ag0.9Sb0.9Pb18.3Te19.9,473,58,-320,0.91,0.308707868131868,Expt,https://doi.org/10.1016/j.jallcom.2004.08.049
In3.96Pb0.04Se3,480,100,-245,0.91,0.316615384615385,Expt,10.1002/adma.201302038
In3.99Pb0.01Se3,480,122.47,-242,0.91,0.378320865758242,Expt,10.1002/adma.201302038
In4Pb0.01Sn0.03Se2.9Cl0.04,323,67,-197.8,0.911,0.0929418948891328,Expt,10.1039/c4dt03432e
Mg3.5Ho0.04Sb1.97Te0.03,500,214.5,-237,0.9112,0.661119979148376,Expt,https://doi.org/10.1021/acsami.0c22558
Ag2Se1.0025,305,1180.33,-139.79,0.9124,0.771028121197793,Expt,https://doi.org/10.1021/acsami.1c18483
Ag0.8Sb0.8Pb18.3Te20.0,373,40.8,-336,0.917,0.18736057648855,Expt,https://doi.org/10.1016/j.jallcom.2004.08.049
Bi2Te3,366,323.38,-126.53,0.9178,0.206458707800019,Expt,https://doi.org/10.1021/acsami.1c00355
Ag2.0Se0.9Te0.1,375,1086.24,-133,0.92,0.783199702173913,Expt,https://doi.org/10.1021/acs.inorgchem.1c01563
Mg3.5Ho0.03Sb2,500,130.3,-258.2,0.9213,0.471439345055899,Expt,https://doi.org/10.1021/acsami.0c22558
Bi2Te3,505,206.49,-113,0.924,0.144103761801948,Expt,https://doi.org/10.1021/acsami.1c00355
Bi2Te1.95Se1.05,423,434.6,-184.7,0.925,0.673,Expt,https://doi.org/10.1007/s11664-020-08258-9
Mg3.5Ho0.02Sb2,500,101.29,-289.36,0.9258,0.458032601014474,Expt,https://doi.org/10.1021/acsami.0c22558
Mg3.5Gd0.035Sb2,500,179.72,-234.6,0.9272,0.533395081708369,Expt,https://doi.org/10.1021/acsami.0c22558
In3.95Pb0.05Se3,405,75,-230,0.93,0.172778225806452,Expt,10.1002/adma.201302038
Bi2Te1.95Se1.05,573,330,-185,0.9322,0.706,Expt,https://doi.org/10.1007/s11664-020-08258-9
Bi2Te3,498,722.57,-158.16,0.9386,0.959007562354785,Expt,http://dx.doi.org/10.1016/j.pnsc.2013.06.007
Mg3.5Gd0.045Sb2,500,195.92,-244.29,0.9391,0.622512841831115,Expt,https://doi.org/10.1021/acsami.0c22558
Ag2Se1.04,311,1067.21,-145.32,0.9438,0.767,Expt,https://doi.org/10.1021/acsami.1c18483
In4Pb0.01Sn0.03Se2.9Cl0.06,323,30.5,-199.2,0.944,0.038,Expt,10.1039/c4dt03432e
Ag2.0Se0.9Te0.1,390,1113.76,-132,0.944,0.80173730440678,Expt,https://doi.org/10.1021/acs.inorgchem.1c01563
Mg3.5Gd0.04Sb1.97Te0.03,300,200.45,-183.21,0.9457,0.213438261928043,Expt,https://doi.org/10.1021/acsami.0c22558
In4Pb0.01Sn0.03Se2.9Cl0.02,323,74.53,-205,0.9462,0.10691986997992,Expt,10.1039/c4dt03432e
Ag0.9Sb0.9Pb18.3Te19.9,423,31.68,-360,0.955,0.18185580565445,Expt,https://doi.org/10.1016/j.jallcom.2004.08.049
Mg3.5Ho0.03Sb1.97Te0.03,400,238.29,-208.8,0.9551,0.435088848397027,Expt,https://doi.org/10.1021/acsami.0c22558
K0.985Ba0.015GaSb4,416,243.38,-184,0.956947873947515,0.3582,Expt,https://doi.org/10.1021/acs.chemmater.7b01217
Bi2Te3,306,450,-114.53,0.9574,0.188659656144767,Expt,https://doi.org/10.1021/acsami.1c00355
Bi2Te3,473,773,-156.8,0.9587,0.937670005732763,Expt,http://dx.doi.org/10.1016/j.pnsc.2013.06.007
Bi2Te3,572,159.74,-75.32,0.9598,0.054006941848205,Expt,https://doi.org/10.1021/acsami.1c00355
Bi2Te1.95Se1.05,373,478,-176.4,0.96,0.573,Expt,https://doi.org/10.1007/s11664-020-08258-9
Bi2Te2.01Se0.99,523,392.1,-176,0.96,0.67,Expt,https://doi.org/10.1007/s11664-020-08258-9
K0.98Ba0.02GaSb4,416,266.68,-161.9,0.960332449272391,0.3028,Expt,https://doi.org/10.1021/acs.chemmater.7b01217
Bi2Te2.01Se0.99,473,441.73,-173.77,0.963,0.651,Expt,https://doi.org/10.1007/s11664-020-08258-9
Ca3.3Yb1.5Sm0.2Al2Sb6,323,1.46,-79.17,0.96875,0.000305115979092852,Expt,https://doi.org/10.1021/acs.chemmater.1c01318
In3.99Pb0.01Se3,405,107,-221,0.97,0.21819842628866,Expt,10.1002/adma.201302038
Mg3.5Ho0.04Sb2,500,152.9,-267.96,0.9708,0.565441474487021,Expt,https://doi.org/10.1021/acsami.0c22558
Ag2Se1.02,308,1254.1,-141,0.975,0.8,Expt,https://doi.org/10.1021/acsami.1c18483
PbTe0.15Ag2Te0.85,300,957.5,-102.5,0.976,0.4196,Expt,10.1039/c1jm13888j
K0.975Ba0.025GaSb4,416,243.38,-176.87,0.97665149761861,0.3243,Expt,https://doi.org/10.1021/acs.chemmater.7b01217
Bi2Te1.95Se1.05,323,522.5,-167.4,0.98,0.503,Expt,https://doi.org/10.1007/s11664-020-08258-9
Bi2Te2.01Se0.99,423,491,-165.6,0.981,0.581,Expt,https://doi.org/10.1007/s11664-020-08258-9
Mg3.5Ho0.02Sb1.97Te0.03,400,224.42,-225,0.982,0.462780549898167,Expt,https://doi.org/10.1021/acsami.0c22558
Mg3.5Gd0.02Sb2,400,122.49,-241.07,0.987,0.288489365868328,Expt,https://doi.org/10.1021/acsami.0c22558
Mg3.5Ho0.01Sb2,400,26.32,-245.77,0.9876,0.0643906091991899,Expt,https://doi.org/10.1021/acsami.0c22558
Ag2Se1.03,310,1087,-143.2,0.988,0.699391466882591,Expt,https://doi.org/10.1021/acsami.1c18483
Mg3.5Ho0.01Sb1.97Te0.03,400,178.69,-233.8,0.9888,0.395130720210356,Expt,https://doi.org/10.1021/acsami.0c22558
Mg3.5Gd0.03Sb2,400,191.5,-221.07,0.9902,0.37806412637245,Expt,https://doi.org/10.1021/acsami.0c22558
Mg3.5Ho0.04Sb1.97Te0.03,400,243.1,-210.92,0.9921,0.43603868964177,Expt,https://doi.org/10.1021/acsami.0c22558
In4Se2.32Cl0.03,423,234,-246.15,0.993,0.6,Expt,10.1002/adma.201004739
Ag1.3Sb0.9Pb15.7Te22.0,473,7.33,-99.2,0.993,0.00343588968153072,Expt,https://doi.org/10.1016/j.jallcom.2004.08.049
Ag2Se1.06,334,1190.16,-141.2,0.996,0.795722927629879,Expt,https://doi.org/10.1021/acsami.1c18483
Ag2Se1.0025,332,1465.6,-127.3,1,0.7885157043968,Expt,https://doi.org/10.1021/acsami.1c18483
Mg3.5Gd0.03Sb1.97Te0.03,300,189.56,-215,1.0043,0.261746818679677,Expt,https://doi.org/10.1021/acsami.0c22558
Ag1.3Sb0.9Pb15.7Te22.0,523,9.13,-171.2,1.01,0.0138566616738218,Expt,https://doi.org/10.1016/j.jallcom.2004.08.049
Mg3.5Gd0.01Sb2,400,69.18,-254.23,1.0109,0.176923673195054,Expt,https://doi.org/10.1021/acsami.0c22558
Bi2Te2.01Se0.99,373,544,-158.4,1.014,0.4904,Expt,https://doi.org/10.1007/s11664-020-08258-9
Ag2Se1.01,312,1185.25,-142,1.02,0.731039889411765,Expt,https://doi.org/10.1021/acsami.1c18483
Ag2Se1.04,334,1160.66,-141.91,1.02,0.765380357976781,Expt,https://doi.org/10.1021/acsami.1c18483
Sr15Ga29.5Ge55.6,375,350.82,-167,1.022,0.363,Expt,10.1063/1.2194187
Ag1.3Sb0.9Pb15.7Te22.0,573,12.5,-91.2,1.0284,0.00579284947491249,Expt,https://doi.org/10.1016/j.jallcom.2004.08.049
Ag0.9Sb0.9Pb18.3Te19.9,373,18.72,-372.8,1.038,0.0934908546811561,Expt,https://doi.org/10.1016/j.jallcom.2004.08.049
In3.96Pb0.04Se3,405,87,-221,1.04,0.16547236875,Expt,10.1002/adma.201302038
Ag2Se,309,1357.38,-129.15,1.041,0.69,Expt,https://doi.org/10.1021/acsami.1c18483
Mg3.5Ho0.03Sb2,400,157.24,-220.07,1.0416,0.292444691339324,Expt,https://doi.org/10.1021/acsami.0c22558
Mg3.5Gd0.035Sb2,400,206.65,-207.5,1.0429,0.341262788857992,Expt,https://doi.org/10.1021/acsami.0c22558
Mg3.5Gd0.045Sb2,400,222.44,-213.93,1.0446,0.389821904175991,Expt,https://doi.org/10.1021/acsami.0c22558
Sr15Ga29.5Ge55.6,468,306.1,-184,1.045,0.4633,Expt,10.1063/1.2194187
Ag2Se1.0025,361,1628,-126,1.048,0.894,Expt,https://doi.org/10.1021/acsami.1c18483
Bi2Te2.01Se0.99,323,600,-148.7,1.053,0.42,Expt,https://doi.org/10.1007/s11664-020-08258-9
Bi2Te2.1Se0.9,473,484.9,-174.5,1.0535,0.688,Expt,https://doi.org/10.1007/s11664-020-08258-9
In3.95Pb0.05Se3,330,51.5,-207,1.055,0.0690254744075829,Expt,10.1002/adma.201302038
Bi2Te2.1Se0.9,523,435,-179.5,1.055,0.7,Expt,https://doi.org/10.1007/s11664-020-08258-9
Ag2Se1.02,334,1342,-139,1.064,0.82,Expt,https://doi.org/10.1021/acsami.1c18483
Ag2Se1.06,362,1298,-137.8,1.064,0.838571445849624,Expt,https://doi.org/10.1021/acsami.1c18483
Ag2Se1.03,332,1185.3,-140.43,1.066,0.727995936361542,Expt,https://doi.org/10.1021/acsami.1c18483
Ag2Se1.01,334,1259.02,-138.72,1.066,0.759101852857684,Expt,https://doi.org/10.1021/acsami.1c18483
Mg3.5Ho0.02Sb2,400,117.44,-250,1.0663,0.275344649723342,Expt,https://doi.org/10.1021/acsami.0c22558
Bi2Te2.1Se0.9,423,539.5,-169.9,1.07,0.6366,Expt,https://doi.org/10.1007/s11664-020-08258-9
Ag2Se0.98,307,1434,-131,1.074,0.711,Expt,https://doi.org/10.1021/acsami.1c18483
Ag2Se1.04,362,1263,-141.4,1.0797,0.846657263662128,Expt,https://doi.org/10.1021/acsami.1c18483
Bi2Te2.1Se0.9,573,400,-176.4,1.081,0.649,Expt,https://doi.org/10.1007/s11664-020-08258-9
Mg3.5Gd0.03Sb2,300,194.93,-197.5,1.0815,0.210915071081831,Expt,https://doi.org/10.1021/acsami.0c22558
In4Se2.32Cl0.03,373,274,-228,1.087,0.493,Expt,10.1002/adma.201004739
Ag2Se1.0025,376,1672.13,-124.26,1.0902,0.890459977504484,Expt,https://doi.org/10.1021/acsami.1c18483
Ag2Se1.06,377,1343,-135.96,1.0954,0.854411210737411,Expt,https://doi.org/10.1021/acsami.1c18483
Mg3.5Gd0.04Sb2,300,150.45,-220.36,1.1011,0.199045430342022,Expt,https://doi.org/10.1021/acsami.0c22558
Bi2Te2.1Se0.9,373,600,-158.8,1.114,0.535,Expt,https://doi.org/10.1007/s11664-020-08258-9
Ag2Se1.04,377,1313.11,-137.02,1.114,0.834305668777611,Expt,https://doi.org/10.1021/acsami.1c18483
Mg3.5Ho0.01Sb2,300,22.17,-199.3,1.118,0.0236297834516995,Expt,https://doi.org/10.1021/acsami.0c22558
Pb6Bi2Se9,673,109.62,-193.2,1.1183,0.246241235319896,Expt,https://doi.org/10.1021/acs.inorgchem.6b02118
K0.99Ba0.01GaSb4,324,116.14,-143.2,1.11993713672917,0.0689,Expt,https://doi.org/10.1021/acs.chemmater.7b01217
In3.99Pb0.01Se3,330,100,-206,1.12,0.125034642857143,Expt,10.1002/adma.201302038
Pb6Bi2Se9,623,117.69,-189.8,1.12,0.23583160301025,Expt,https://doi.org/10.1021/acs.inorgchem.6b02118
Pb6Bi2Se9,523,156.15,-157,1.1217,0.179459421061781,Expt,https://doi.org/10.1021/acs.inorgchem.6b02118
PbZn0.015Te,618,188,-296.6,1.122,0.937,Expt,https://doi.org/10.1021/acsami.1c14518
Pb6Bi2Se9,423,234.23,-112.8,1.123,0.112259041253215,Expt,https://doi.org/10.1021/acs.inorgchem.6b02118
Ag2Se1.01,362,1357.38,-137.23,1.1243,0.823049456453502,Expt,https://doi.org/10.1021/acsami.1c18483
Pb6Bi2Se9,323,331.54,-75,1.125,0.05354371,Expt,https://doi.org/10.1021/acs.inorgchem.6b02118
K0.975Ba0.025GaSb4,324,235.42,-134.7,1.12517078078634,0.123,Expt,https://doi.org/10.1021/acs.chemmater.7b01217
Mg3.5Gd0.02Sb2,300,115.83,-220,1.1363,0.148011229428848,Expt,https://doi.org/10.1021/acsami.0c22558
Ag2Se,334,1721.31,-117.04,1.137,0.7,Expt,https://doi.org/10.1021/acsami.1c18483
Bi2Te2.55Se0.45,473,629,-156.64,1.139,0.640904632969552,Expt,https://doi.org/10.1007/s11664-020-08258-9
Mg3.5Ho0.04Sb2,400,186.73,-226.1,1.1393,0.335148373327482,Expt,https://doi.org/10.1021/acsami.0c22558
Ag2Se1.01,377,1412,-134.47,1.14,0.84,Expt,https://doi.org/10.1021/acsami.1c18483
Mg3.5Ho0.02Sb1.97Te0.03,300,259.16,-217.96,1.143,0.323144370190446,Expt,https://doi.org/10.1021/acsami.0c22558
Mg3.5Ho0.01Sb1.97Te0.03,300,195.12,-214.1,1.143,0.23475245688189,Expt,https://doi.org/10.1021/acsami.0c22558
Ag2Se1.02,362,1445.9,-135.53,1.147,0.838212797164622,Expt,https://doi.org/10.1021/acsami.1c18483
Bi2Te2.1Se0.9,323,656.12,-151.5,1.149,0.452,Expt,https://doi.org/10.1007/s11664-020-08258-9
Bi2Te2.55Se0.45,423,704.35,-152.4,1.15,0.599,Expt,https://doi.org/10.1007/s11664-020-08258-9
Ag2Se,297,1808.73,-132.99,1.1502,0.826028059201416,Expt,https://doi.org/10.1021/acsami.1c08410
Pb0.995Zn0.02Te,622,219.08,-312.3,1.16,1.16,Expt,https://doi.org/10.1021/acsami.1c14518
PbTeMnTe0.03,623,253.79,-255.26,1.16,0.888116815405784,Expt,https://doi.org/10.1021/acsami.1c17254
Mg3.5Ho0.03Sb1.97Te0.03,300,270.81,-200,1.164,0.279185567010309,Expt,https://doi.org/10.1021/acsami.0c22558
Ag2Se1.03,362,1313.11,-137.23,1.166,0.767731315175838,Expt,https://doi.org/10.1021/acsami.1c18483
Bi2Te2.55Se0.45,523,568.12,-157.6,1.168,0.6282,Expt,https://doi.org/10.1007/s11664-020-08258-9
Bi2Te2.55Se0.45,373,792.75,-145.27,1.173,0.53,Expt,https://doi.org/10.1007/s11664-020-08258-9
In3.94Pb0.06Se3,518,81,-256,1.174,0.234221421465077,Expt,10.1002/adma.201302038
Ag2Se1.03,377,1368,-135.32,1.174,0.804420868974991,Expt,https://doi.org/10.1021/acsami.1c18483
Mg3.5Ho0.04Sb1.97Te0.03,300,271.89,-206.34,1.1787,0.294630741198371,Expt,https://doi.org/10.1021/acsami.0c22558
K0.985Ba0.015GaSb4,324,245.41,-145.92,1.17981796960263,0.1435,Expt,https://doi.org/10.1021/acs.chemmater.7b01217
Pb0.985Zn0.03Te,622,248.68,-276.36,1.181,1.00030332822053,Expt,https://doi.org/10.1021/acsami.1c14518
Ag2Se1.02,377,1480.33,-132.98,1.182,0.834939622898694,Expt,https://doi.org/10.1021/acsami.1c18483
PbTe,629,132.24,-320.38,1.186,0.736,Expt,https://doi.org/10.1021/acsami.1c14518
Mg3.5Gd0.035Sb2,300,214.13,-190.1,1.19,0.195081481041176,Expt,https://doi.org/10.1021/acsami.0c22558
Mg3.5Gd0.01Sb2,300,59.71,-239.64,1.1912,0.0863579378042982,Expt,https://doi.org/10.1021/acsami.0c22558
Ag2Se0.98,332,1849.3,-115.6,1.192,0.688311247242953,Expt,https://doi.org/10.1021/acsami.1c18483
Bi2Te2.55Se0.45,323,884.89,-135.14,1.1965,0.446,Expt,https://doi.org/10.1007/s11664-020-08258-9
Mg3.5Gd0.045Sb2,300,230.49,-196.43,1.2066,0.221118792938861,Expt,https://doi.org/10.1021/acsami.0c22558
Sr15Ga29.5Ge55.6,568,263.75,-196.6,1.21,0.47854464492562,Expt,10.1063/1.2194187
In3.94Pb0.06Se3,480,87,-256,1.22,0.224326504918033,Expt,10.1002/adma.201302038
Sr15Ga29.5Ge55.6,669,227.33,-207.6,1.22,0.533,Expt,10.1063/1.2194187
Bi2Te2.55Se0.45,573,520.29,-149,1.227,0.56,Expt,https://doi.org/10.1007/s11664-020-08258-9
Nd2.78Te4,573,613.5,-106,1.234,0.31,Expt,https://doi.org/10.1021/acs.chemmater.9b00964
Pb0.98Zn0.035Te,618,272.4,-276.3,1.236,1.05,Expt,https://doi.org/10.1021/acsami.1c14518
Ba8.03Cu5Ge40.97,564,356,-146.5,1.237,0.348365109458367,Expt,10.1103/PhysRevB.87.115206
Mg3.5Ho0.03Sb2,300,166.95,-192.96,1.2371,0.150743103446447,Expt,https://doi.org/10.1021/acsami.0c22558
In3.96Pb0.04Se3,330,70,-192,1.243,0.0685083185840708,Expt,10.1002/adma.201302038
PbZn0.015Te,520,159.8,-326,1.244,0.728,Expt,https://doi.org/10.1021/acsami.1c14518
Gd2Se2.92,650,213.29,-131.16,1.2453,0.191519358673862,Expt,https://doi.org/10.1021/acs.chemmater.0c03581
In4Se2.32Cl0.03,323,310,-213.1,1.2467,0.3676,Expt,10.1002/adma.201004739
Ba8.03Cu5Ge40.97,514,388,-136.4,1.249,0.297071607903923,Expt,10.1103/PhysRevB.87.115206
Mg3.5Ho0.02Sb2,300,112.39,-194.37,1.2494,0.098,Expt,https://doi.org/10.1021/acsami.0c22558
Cu0.001Pb0.999TeMnTe0.03,623,373.97,-228.25,1.2507,0.97049484655288,Expt,https://doi.org/10.1021/acsami.1c17254
K0.98Ba0.02GaSb4,324,273.42,-123.13,1.25170885951254,0.1073,Expt,https://doi.org/10.1021/acs.chemmater.7b01217
Ba8.03Cu5Ge40.97,613,329,-156.7,1.2536,0.39503482375,Expt,10.1103/PhysRevB.87.115206
In0.015Pb0.985Te0.996I0.004,663,196.88,-225.78,1.259,0.528518673611445,Expt,https://doi.org/10.1063/1.3694742
In0.015Pb0.985Te0.996I0.004,637,198,-225.39,1.262,0.51,Expt,https://doi.org/10.1063/1.3694742
Gd2.79Se4,650,181.7,-122,1.264,0.139072375,Expt,https://doi.org/10.1021/acs.chemmater.0c03581
Gd2.84Se4,650,256.96,-111.96,1.265,0.165506149264696,Expt,https://doi.org/10.1021/acs.chemmater.0c03581
Gd2.79Se4,550,199.37,-104.7,1.268,0.0947974397330441,Expt,https://doi.org/10.1021/acs.chemmater.0c03581
In0.005Pb0.995Te0.998I0.002,663,179.36,-231,1.2693,0.5,Expt,https://doi.org/10.1063/1.3694742
Bi2Te2.7Se0.3,473,735.5,-153,1.27,0.65,Expt,https://doi.org/10.1007/s11664-020-08258-9
Ca3.46Yb1.35Pr0.19Al2Sb6,623,13.8,-143,1.27,0.0138431679212598,Expt,https://doi.org/10.1021/acs.chemmater.1c01318
Ba8.03Cu5Ge40.97,465,421.2,-125,1.27,0.240967027559055,Expt,10.1103/PhysRevB.87.115206
Gd2.84Se4,550,287.34,-95.7,1.2717,0.113814601252654,Expt,https://doi.org/10.1021/acs.chemmater.0c03581
In0.005Pb0.995Te0.998I0.002,637,182.6,-233.5,1.2747,0.5,Expt,https://doi.org/10.1063/1.3694742
Pb0.975Zn0.04Te,622,306,-251.3,1.2778,0.94066265934262,Expt,https://doi.org/10.1021/acsami.1c14518
Ba8.03Cu5Ge40.97,661,303.4,-166.8,1.28,0.4367,Expt,10.1103/PhysRevB.87.115206
Gd2.79Se4,450,193.6,-86.2,1.283,0.0504551779267342,Expt,https://doi.org/10.1021/acs.chemmater.0c03581
Gd2.84Se4,350,351,-58.5,1.283,0.0327687772798129,Expt,https://doi.org/10.1021/acs.chemmater.0c03581
Bi2Te2.7Se0.3,423,833.2,-148.9,1.286,0.607628387928149,Expt,https://doi.org/10.1007/s11664-020-08258-9
Gd2.84Se4,450,316,-77.9,1.287,0.0670495650349651,Expt,https://doi.org/10.1021/acs.chemmater.0c03581
In0.015Pb0.985Te0.996I0.004,585,199,-230.4,1.293,0.474,Expt,https://doi.org/10.1063/1.3694742
Gd2.79Se4,350,193.1,-65.6,1.2943,0.0224710334234721,Expt,https://doi.org/10.1021/acs.chemmater.0c03581
PbTe,529,179.61,-307.61,1.3,0.713,Expt,https://doi.org/10.1021/acsami.1c14518
Ba8.04Cu4.99Si18Ge22.98,417,286.5,-154,1.3,0.217950952153846,Expt,10.1103/PhysRevB.87.115206
Bi2Te2.7Se0.3,373,954,-140.4,1.305,0.54,Expt,https://doi.org/10.1007/s11664-020-08258-9
In0.005Pb0.995Te0.998I0.002,585,198.41,-237.95,1.3067,0.5,Expt,https://doi.org/10.1063/1.3694742
Ba8.04Cu4.99Si18Ge22.98,466,274,-162.65,1.307,0.25844553120811,Expt,10.1103/PhysRevB.87.115206
Ag2Se,362,2331.15,-98.24,1.3072,0.62303645453082,Expt,https://doi.org/10.1021/acsami.1c18483
Pb0.995Zn0.02Te,520,227.3,-312.7,1.313,0.880225236316832,Expt,https://doi.org/10.1021/acsami.1c14518
Bi2Te2.7Se0.3,523,660.5,-151.8,1.315,0.61,Expt,https://doi.org/10.1007/s11664-020-08258-9
Ba8.03Cu5Ge40.97,415,457,-113.73,1.32,0.185840533640114,Expt,10.1103/PhysRevB.87.115206
PbTeMnTe0.03,523,318.62,-246.14,1.3227,0.763269241068927,Expt,https://doi.org/10.1021/acsami.1c17254
Ca3.46Yb1.35Pr0.19Al2Sb6,523,11.04,-150,1.325,0.00980476981132076,Expt,https://doi.org/10.1021/acs.chemmater.1c01318
In0.015Pb0.985Te0.996I0.004,533,201,-231.3,1.33,0.430946036749624,Expt,https://doi.org/10.1063/1.3694742
Bi2Te2.7Se0.3,323,1072,-132.2,1.33,0.46,Expt,https://doi.org/10.1007/s11664-020-08258-9
Ag2Se,377,2675.41,-90,1.3333,0.612757782719568,Expt,https://doi.org/10.1021/acsami.1c18483
Ag0.4Sb1.1Pb19.6Te18.8,623,240.32,-145.6,1.34,0.236862284448478,Expt,https://doi.org/10.1016/j.jallcom.2004.08.049
Ag0.4Sb1.1Pb19.6Te18.8,573,184,-120,1.34,0.113300059701493,Expt,https://doi.org/10.1016/j.jallcom.2004.08.049
Mg3.5Ho0.04Sb2,300,195.12,-188.8,1.3404,0.155665583097583,Expt,https://doi.org/10.1021/acsami.0c22558
In3.94Pb0.06Se3,405,78,-220,1.345,0.113677026022305,Expt,10.1002/adma.201302038
In0.01Pb0.99Te0.998I0.002,663,169.84,-247.7,1.3455,0.511,Expt,https://doi.org/10.1063/1.3694742
In0.005Pb0.995Te0.999I0.001,585,130.5,-269,1.35,0.405,Expt,https://doi.org/10.1063/1.3694742
In0.005Pb0.995Te0.998I0.002,533,215.5,-238.2,1.35,0.482752164093333,Expt,https://doi.org/10.1063/1.3694742
In0.015Pb0.985Te0.998I0.002,663,157.03,-233.2,1.3538,0.418214168015482,Expt,https://doi.org/10.1063/1.3694742
In0.015Pb0.985Te0.998I0.002,637,157.5,-232.8,1.355,0.403,Expt,https://doi.org/10.1063/1.3694742
CuI0.003Bi2Te3,371,1090.29,-165.74,1.3556,0.819670013433777,Expt,https://doi.org/10.1021/acsami.0c09529
In0.01Pb0.99Te0.998I0.002,637,170,-251,1.356,0.503125242625369,Expt,https://doi.org/10.1063/1.3694742
Gd2Se2.98,650,240.6,-183.8,1.358,0.389045345478645,Expt,https://doi.org/10.1021/acs.chemmater.0c03581
In0.015Pb0.985Te0.994I0.006,637,228,-219.5,1.359,0.514901161810155,Expt,https://doi.org/10.1063/1.3694742
In0.005Pb0.995Te0.999I0.001,637,120,-260.7,1.36,0.382000412911765,Expt,https://doi.org/10.1063/1.3694742
Ba8.04Cu4.99Si18Ge22.98,514,263.5,-167.8,1.36,0.281,Expt,10.1103/PhysRevB.87.115206
In0.01Pb0.99Te0.994I0.006,663,306.25,-201.6,1.366,0.59,Expt,https://doi.org/10.1063/1.3694742
Ag0.4Sb1.1Pb19.6Te18.8,673,370,-143,1.367,0.372494915142648,Expt,https://doi.org/10.1016/j.jallcom.2004.08.049
In0.005Pb0.995Te0.999I0.001,663,117.7,-255,1.373,0.366,Expt,https://doi.org/10.1063/1.3694742
Gd2Se2.94,650,203,-147.8,1.374,0.209783598107715,Expt,https://doi.org/10.1021/acs.chemmater.0c03581
In0.01Pb0.99Te0.994I0.006,637,314.06,-202,1.376,0.59324811052907,Expt,https://doi.org/10.1063/1.3694742
Ba8.02Cu5.04Si6Ge34.93,615,563.49,-115.52,1.3773,0.335774059997316,Expt,10.1103/PhysRevB.87.115206
Ag0.4Sb1.1Pb19.6Te18.8,523,174.5,-68.8,1.378,0.031349078478955,Expt,https://doi.org/10.1016/j.jallcom.2004.08.049
In0.005Pb0.995Te0.999I0.001,533,141.5,-269.4,1.38,0.4,Expt,https://doi.org/10.1063/1.3694742
In0.01Pb0.99Te0.998I0.002,585,181.25,-256,1.3844,0.497,Expt,https://doi.org/10.1063/1.3694742
CuI0.003Bi2Te3,420,934.31,-170.86,1.3852,0.827005901607271,Expt,https://doi.org/10.1021/acsami.0c09529
Nd2.78Te4,373,944.6,-58,1.3869,0.0854609294974403,Expt,https://doi.org/10.1021/acs.chemmater.9b00964
Pb0.985Zn0.03Te,520,294,-265.3,1.39,0.782,Expt,https://doi.org/10.1021/acsami.1c14518
In0.015Pb0.985Te0.998I0.002,585,157.8,-238.6,1.39,0.365,Expt,https://doi.org/10.1063/1.3694742
In0.015Pb0.985Te0.998I0.002,585,132.5,-235,1.393,0.301,Expt,https://doi.org/10.1063/1.3694742
In0.01Pb0.99Te0.999I0.001,533,155.6,-224.3,1.3948,0.299146144683969,Expt,https://doi.org/10.1063/1.3694742
In0.015Pb0.985Te0.996I0.004,481,207.8,-230.45,1.4,0.379154320202821,Expt,https://doi.org/10.1063/1.3694742
Ag0.5Sb1.1Pb19.6Te18.8,623,311.4,-136,1.4,0.2563046208,Expt,https://doi.org/10.1016/j.jallcom.2004.08.049
Ba8.02Cu5.04Si6Ge34.93,665,520,-124.7,1.4,0.384087223,Expt,10.1103/PhysRevB.87.115206
Gd2Se2.92,550,253.8,-115.58,1.4,0.133196143862571,Expt,https://doi.org/10.1021/acs.chemmater.0c03581
Ba8.02Cu5.04Si6Ge34.93,566,607,-107,1.4,0.282,Expt,10.1103/PhysRevB.87.115206
CuI0.003Bi2Te3,325,1324.44,-156.98,1.4074,0.753679586268097,Expt,https://doi.org/10.1021/acsami.0c09529
In0.005Pb0.995Te0.994I0.006,663,430.1,-162.2,1.413,0.528,Expt,https://doi.org/10.1063/1.3694742
Ba8.04Cu4.99Si18Ge22.98,566,255,-169.8,1.416,0.293879119576271,Expt,10.1103/PhysRevB.87.115206
Bi2Te2.7Se0.3,573,607,-145.2,1.4196,0.506,Expt,https://doi.org/10.1007/s11664-020-08258-9
In0.01Pb0.99Te0.994I0.006,585,346,-200,1.42,0.563,Expt,https://doi.org/10.1063/1.3694742
In0.005Pb0.995Te0.994I0.006,637,444.5,-162.3,1.421,0.524872911258621,Expt,https://doi.org/10.1063/1.3694742
Ag0.5Sb1.1Pb19.6Te18.8,573,242.88,-100,1.422,0.0978693670886076,Expt,https://doi.org/10.1016/j.jallcom.2004.08.049
In0.005Pb0.995Te0.996I0.004,663,281,-203.2,1.425,0.539824251418947,Expt,https://doi.org/10.1063/1.3694742
In0.015Pb0.985Te0.998I0.002,533,159,-235.5,1.43,0.3263,Expt,https://doi.org/10.1063/1.3694742
In0.005Pb0.995Te0.996I0.004,637,289,-207.42,1.434,0.543,Expt,https://doi.org/10.1063/1.3694742
In0.01Pb0.99Te0.998I0.002,533,191,-259,1.44,0.471,Expt,https://doi.org/10.1063/1.3694742
In0.015Pb0.985Te0.994I0.006,533,242,-220.1,1.44,0.437,Expt,https://doi.org/10.1063/1.3694742
Ag0.5Sb1.1Pb19.6Te18.8,673,420,-133,1.443,0.346498457380457,Expt,https://doi.org/10.1016/j.jallcom.2004.08.049
Ca3.46Yb1.35Pr0.19Al2Sb6,423,6.67,-141.07,1.4464,0.00388192482496605,Expt,https://doi.org/10.1021/acs.chemmater.1c01318
In0.005Pb0.995Te0.998I0.002,481,239.68,-239,1.45,0.45,Expt,https://doi.org/10.1063/1.3694742
CuI0.003Bi2Te3,470,841,-169.48,1.4519,0.781977143398857,Expt,https://doi.org/10.1021/acsami.0c09529
Ag0.4Sb1.1Pb19.6Te18.8,473,172.08,-17.6,1.456,0.00173163158505495,Expt,https://doi.org/10.1016/j.jallcom.2004.08.049
Cu0.002Pb0.998TeMnTe0.03,623,739.31,-169.3,1.464,0.901752731914187,Expt,https://doi.org/10.1021/acsami.1c17254
Ag0.97CuSe,298,1797.1,-98.1,1.4647,0.351866435463781,Expt,https://doi.org/10.1021/ic502102e
Sr14.1Ga29.6Ge56.3,367,614.74,-125.7,1.465,0.24,Expt,10.1063/1.2194187
Ag2Se0.98,361,2537.7,-97.82,1.466,0.597955449559228,Expt,https://doi.org/10.1021/acsami.1c18483
Pb0.98Zn0.035Te,520,334,-253.53,1.4694,0.759746114680278,Expt,https://doi.org/10.1021/acsami.1c14518
In0.005Pb0.995Te0.999I0.001,481,160,-268.5,1.473,0.376661205702648,Expt,https://doi.org/10.1063/1.3694742
Ag0.5Sb1.1Pb19.6Te18.8,523,261.1,-49.6,1.474,0.0227915798404342,Expt,https://doi.org/10.1016/j.jallcom.2004.08.049
In0.005Pb0.995Te0.996I0.004,585,314.1,-207.8,1.48,0.536109093158108,Expt,https://doi.org/10.1063/1.3694742
In0.01Pb0.99Te0.994I0.006,533,379.7,-195.24,1.49,0.517748841406293,Expt,https://doi.org/10.1063/1.3694742
In0.005Pb0.995Te0.994I0.006,585,490.48,-162,1.4935,0.504198989969869,Expt,https://doi.org/10.1063/1.3694742
Ag2Se,350,2408.96,-114.03,1.4945,0.733567297762623,Expt,https://doi.org/10.1021/acsami.1c08410
Gd2Se2.98,550,286,-167.2,1.5057,0.292053771136348,Expt,https://doi.org/10.1021/acs.chemmater.0c03581
Ba8.04Cu4.9Si3.23Ge37.83,663,550,-129.8,1.506,0.407944076095618,Expt,10.1103/PhysRevB.87.115206
Sr14.1Ga29.6Ge56.3,463,544.5,-140.5,1.51,0.32957523946192,Expt,10.1063/1.2194187
Pb0.975Zn0.04Te,520,384,-232.61,1.511,0.72,Expt,https://doi.org/10.1021/acsami.1c14518
In0.01Pb0.99Te0.998I0.002,481,205,-253,1.512,0.417434354828042,Expt,https://doi.org/10.1063/1.3694742
Cu0.001Pb0.999TeMnTe0.03,523,511.03,-217.02,1.5147,0.831038181986313,Expt,https://doi.org/10.1021/acsami.1c17254
In0.015Pb0.985Te0.994I0.006,481,253,-219.5,1.515,0.389,Expt,https://doi.org/10.1063/1.3694742
In3.94Pb0.06Se3,330,73,-200,1.52,0.0633947368421053,Expt,10.1002/adma.201302038
PbZn0.015Te,421,278.3,-292.7,1.522,0.665,Expt,https://doi.org/10.1021/acsami.1c14518
Ba8.04Cu4.9Si3.23Ge37.83,517,710,-99.5,1.522,0.237,Expt,10.1103/PhysRevB.87.115206
Ba8.04Cu4.99Si18Ge22.98,615,250,-160,1.526,0.2567,Expt,10.1103/PhysRevB.87.115206
In0.005Pb0.995Te0.998I0.002,428,281,-231.5,1.53,0.421270112614379,Expt,https://doi.org/10.1063/1.3694742
Sr14.7Ga28.7Ge56.6,666,664.27,-133.6,1.532,0.515433948239373,Expt,10.1063/1.2194187
Gd2Se2.94,550,248.5,-130.4,1.532,0.151699971801567,Expt,https://doi.org/10.1021/acs.chemmater.0c03581
In0.005Pb0.995Te0.996I0.004,533,340,-208.9,1.548,0.510871940322997,Expt,https://doi.org/10.1063/1.3694742
Ba8.04Cu4.9Si3.23Ge37.83,466,776,-89.8,1.55,0.188134573460645,Expt,10.1103/PhysRevB.87.115206
Ag0.5Sb1.1Pb19.6Te18.8,473,292.5,-14.4,1.555,0.00184493726045016,Expt,https://doi.org/10.1016/j.jallcom.2004.08.049
Ag0.4Sb1.1Pb19.6Te18.8,423,162.47,-1,1.555,0.00000441960192926045,Expt,https://doi.org/10.1016/j.jallcom.2004.08.049
Cu0.004Pb0.996TeMnTe0.03,423,576.55,-204.56,1.56,0.6541753501464,Expt,https://doi.org/10.1021/acsami.1c17254
In0.01Pb0.99Te0.994I0.006,481,421,-192.5,1.561,0.480712855941704,Expt,https://doi.org/10.1063/1.3694742
Cu0.004Pb0.996TeMnTe0.03,523,787.59,-173.33,1.5627,0.791906201586022,Expt,https://doi.org/10.1021/acsami.1c17254
Ba8.04Cu4.9Si3.23Ge37.83,417,855,-80.8,1.563,0.148924418579654,Expt,10.1103/PhysRevB.87.115206
Cu0.003Pb0.997TeMnTe0.03,423,595.86,-202.81,1.568,0.661176290248199,Expt,https://doi.org/10.1021/acsami.1c17254
Sr14.5Ga29.2Ge56.3,463,702.37,-130,1.572,0.349607795101781,Expt,10.1063/1.2194187
CuI0.003Bi2Te3,519,812.18,-162.26,1.575,0.704631467031669,Expt,https://doi.org/10.1021/acsami.0c09529
In0.01Pb0.99Te0.996I0.004,428,352,-210.55,1.5766,0.423618971802613,Expt,https://doi.org/10.1063/1.3694742
PbTe,428,240.79,-269.84,1.58,0.482,Expt,https://doi.org/10.1021/acsami.1c14518
Cu0.003Pb0.997TeMnTe0.03,523,836.99,-173.16,1.584,0.8286324471243,Expt,https://doi.org/10.1021/acsami.1c17254
In0.015Pb0.985Te0.994I0.006,428,277,-212.5,1.592,0.336277913002513,Expt,https://doi.org/10.1063/1.3694742
In0.005Pb0.995Te0.994I0.006,533,553,-164,1.593,0.497650289014438,Expt,https://doi.org/10.1063/1.3694742
Cu0.001Pb0.999TeMnTe0.03,423,557.24,-208,1.594,0.639765775739021,Expt,https://doi.org/10.1021/acsami.1c17254
Cu0.005Pb0.995TeMnTe0.03,523,880.82,-172.63,1.598,0.859101786548794,Expt,https://doi.org/10.1021/acsami.1c17254
In0.005Pb0.995Te0.999I0.001,428,188.9,-260.7,1.6,0.34342966530675,Expt,https://doi.org/10.1063/1.3694742
Sr14.5Ga29.2Ge56.3,367,815.02,-113.89,1.6,0.242485365775757,Expt,10.1063/1.2194187
Gd2Se2.92,450,303.16,-99.46,1.6038,0.0841455421283951,Expt,https://doi.org/10.1021/acs.chemmater.0c03581
CuFe0.92In0.08S2,600,25.07,-379.2,1.604,0.134,Expt,10.1021/acs.jpcc.6b10308
Cu0.002Pb0.998TeMnTe0.03,423,620.69,-207.72,1.608,0.704507627234391,Expt,https://doi.org/10.1021/acsami.1c17254
In0.01Pb0.99Te0.998I0.002,428,233.5,-238.7,1.61,0.353679278460869,Expt,https://doi.org/10.1063/1.3694742
Cu0.005Pb0.995TeMnTe0.03,423,741.1,-197.02,1.6213,0.75054101013126,Expt,https://doi.org/10.1021/acsami.1c17254
Sr14.1Ga29.6Ge56.3,669,386.2,-161,1.6246,0.412233887960113,Expt,10.1063/1.2194187
Ag2Se0.98,376,2931,-92.5,1.626,0.579917998154982,Expt,https://doi.org/10.1021/acsami.1c18483
PbTeMnTe0.03,423,584.83,-212.3,1.632,0.683203124417041,Expt,https://doi.org/10.1021/acsami.1c17254
In0.005Pb0.995Te0.996I0.004,481,373.5,-207.4,1.636,0.472356490566015,Expt,https://doi.org/10.1063/1.3694742
Ba8Cu5.18Si9.98Ge30.85,663,493.06,-132.5,1.64,0.349946140632622,Expt,10.1103/PhysRevB.87.115206
In0.005Pb0.995Te0.998I0.002,378,335.94,-222,1.644,0.382,Expt,https://doi.org/10.1063/1.3694742
In0.01Pb0.99Te0.996I0.004,378,406.25,-202,1.644,0.381141377737226,Expt,https://doi.org/10.1063/1.3694742
Cu0.002Pb0.998TeMnTe0.03,523,842.47,-168.95,1.6453,0.764411880347081,Expt,https://doi.org/10.1021/acsami.1c17254
Ca3.46Yb1.35Pr0.19Al2Sb6,323,2.71,-119.64,1.6473,0.000760592298352941,Expt,https://doi.org/10.1021/acs.chemmater.1c01318
Ba8.04Cu4.99Si18Ge22.98,663,251,-147,1.649,0.218072681443299,Expt,10.1103/PhysRevB.87.115206
Ag0.6Sb0.9Pb19.5Te19.1,573,133.5,-190.4,1.654,0.16,Expt,https://doi.org/10.1016/j.jallcom.2004.08.049
Ba8Cu5.18Si9.98Ge30.85,514,609.44,-111.34,1.654,0.234779948509462,Expt,10.1103/PhysRevB.87.115206
In0.01Pb0.99Te0.994I0.006,428,490,-186.51,1.657,0.440272525441883,Expt,https://doi.org/10.1063/1.3694742
AgCuSe,298,898.6,-74.56,1.6607,0.089640297943643,Expt,https://doi.org/10.1021/ic502102e
Pb0.995Zn0.02Te,419,406,-268.2,1.6643,0.735234690942739,Expt,https://doi.org/10.1021/acsami.1c14518
Ag0.6Sb0.9Pb19.5Te19.1,623,225,-200,1.666,0.336554621848739,Expt,https://doi.org/10.1016/j.jallcom.2004.08.049
Ag0.94CuSe,298,1968.25,-88.54,1.667,0.28378824235153,Expt,https://doi.org/10.1021/ic502102e
Cu0.003Pb0.997TeMnTe0.03,623,908.22,-151.4,1.6693,0.776956071675409,Expt,https://doi.org/10.1021/acsami.1c17254
Ba8Cu5.18Si9.98Ge30.85,566,568,-119,1.67,0.271,Expt,10.1103/PhysRevB.87.115206
Ba8Cu5.18Si9.98Ge30.85,415,699,-90.4,1.67,0.141953355305389,Expt,10.1103/PhysRevB.87.115206
Cu0.004Pb0.996TeMnTe0.03,623,909.59,-146.14,1.6747,0.722661485481768,Expt,https://doi.org/10.1021/acsami.1c17254
Sr14.5Ga29.2Ge56.3,669,503.5,-156.1,1.6779,0.489176206401752,Expt,10.1063/1.2194187
In0.015Pb0.985Te0.998I0.002,378,197.3,-209,1.68,0.192,Expt,https://doi.org/10.1063/1.3694742
Ba8Cu5.18Si9.98Ge30.85,466,657,-101,1.68,0.185902295357143,Expt,10.1103/PhysRevB.87.115206
Mg2.16Si0.4Sn0.6,620,56,-204.8,1.696,0.084,Expt,https://doi.org/10.1016/j.jssc.2013.04.041
Ag0.6Sb0.9Pb19.5Te19.1,673,277,-198,1.7,0.42,Expt,https://doi.org/10.1016/j.jallcom.2004.08.049
Ba8Cu5.18Si9.98Ge30.85,613,527.8,-126,1.7,0.302149603905882,Expt,10.1103/PhysRevB.87.115206
In0.005Pb0.995Te0.994I0.006,481,629,-166,1.703,0.486,Expt,https://doi.org/10.1063/1.3694742
Cu0.005Pb0.995TeMnTe0.03,623,1076.71,-145.09,1.703,0.82917673219405,Expt,https://doi.org/10.1021/acsami.1c17254
Gd2Se2.98,450,344.3,-147.46,1.71,0.197016175944211,Expt,https://doi.org/10.1021/acs.chemmater.0c03581
CuI0.003Bi2Te3,568,799,-151.47,1.7288,0.602287170150902,Expt,https://doi.org/10.1021/acsami.0c09529
In0.005Pb0.995Te0.999I0.001,378,230.16,-254.72,1.7342,0.322,Expt,https://doi.org/10.1063/1.3694742
In0.015Pb0.985Te0.994I0.006,378,304.7,-201.6,1.735,0.269802413607839,Expt,https://doi.org/10.1063/1.3694742
Sr14.1Ga29.6Ge56.3,568,468,-150.7,1.74,0.346953637572414,Expt,10.1063/1.2194187
Sr14.7Ga28.7Ge56.6,563,780.42,-124,1.742,0.387821610158439,Expt,10.1063/1.2194187
Ag2Se,374,2866.67,-102.99,1.7546,0.634,Expt,https://doi.org/10.1021/acsami.1c08410
In0.005Pb0.995Te0.996I0.004,428,427,-200,1.756,0.416300683371298,Expt,https://doi.org/10.1063/1.3694742
Cu0.003Pb0.997TeMnTe0.03,323,560,-225.44,1.7707,0.519167518968092,Expt,https://doi.org/10.1021/acsami.1c17254
In0.01Pb0.99Te0.994I0.006,378,579,-179.2,1.774,0.39618019254115,Expt,https://doi.org/10.1063/1.3694742
Gd2Se2.94,450,306.5,-109.4,1.774,0.0930516377113867,Expt,https://doi.org/10.1021/acs.chemmater.0c03581
Pb0.985Zn0.03Te,419,532,-217.12,1.7874,0.587900138218373,Expt,https://doi.org/10.1021/acsami.1c14518
Cu0.002Pb0.998TeMnTe0.03,323,495.17,-218.95,1.7893,0.428512588125567,Expt,https://doi.org/10.1021/acsami.1c17254
Cu0.004Pb0.996TeMnTe0.03,323,584.83,-203.51,1.7947,0.435925034510437,Expt,https://doi.org/10.1021/acsami.1c17254
In0.005Pb0.995Te0.994I0.006,428,722,-160.2,1.8,0.44058883248,Expt,https://doi.org/10.1063/1.3694742
Sr14.5Ga29.2Ge56.3,564,599.49,-143.52,1.8,0.386913063633408,Expt,10.1063/1.2194187
Cu0.001Pb0.999TeMnTe0.03,323,460.69,-227.02,1.8133,0.422931355970372,Expt,https://doi.org/10.1021/acsami.1c17254
Ba8Cu5.04Si13.01Ge27.96,665,574.5,-116.2,1.814,0.284371881681367,Expt,10.1103/PhysRevB.87.115206
Ba8Cu5.04Si13.01Ge27.96,615,612.1,-111.94,1.821,0.259034824680362,Expt,10.1103/PhysRevB.87.115206
In0.005Pb0.995Te0.996I0.004,378,494,-191.02,1.828,0.38,Expt,https://doi.org/10.1063/1.3694742
Nd2.84Te4,573,926,-74.3,1.837,0.159453508602069,Expt,https://doi.org/10.1021/acs.chemmater.9b00964
Ba8Cu5.04Si13.01Ge27.96,566,651,-106,1.843,0.224638305805751,Expt,10.1103/PhysRevB.87.115206
CuFe0.96In0.04S2,600,36.4,-369.05,1.8624,0.1628,Expt,10.1021/acs.jpcc.6b10308
Ba8Cu5.04Si13.01Ge27.96,517,696,-99.5,1.864,0.1906,Expt,10.1103/PhysRevB.87.115206
Ba8Cu5.04Si13.01Ge27.96,466,743,-91.8,1.87,0.156033728509091,Expt,10.1103/PhysRevB.87.115206
Ba8Cu5Si25Ge16,465,1000,-75.5,1.87,0.141744184491979,Expt,10.1103/PhysRevB.87.115206
Ba8Cu5.04Si13.01Ge27.96,417,802.26,-83,1.873,0.122,Expt,10.1103/PhysRevB.87.115206
Ba8Cu5Si25Ge16,415,1070,-66.2,1.88,0.103511834148936,Expt,10.1103/PhysRevB.87.115206
Ag0.94CuSe,391,599.03,-14.65,1.881,0.00267246351007044,Expt,https://doi.org/10.1021/ic502102e
In0.005Pb0.995Te0.994I0.006,378,818.75,-153.2,1.882,0.375,Expt,https://doi.org/10.1063/1.3694742
Ba8Cu5Si25Ge16,514,946,-83.1,1.885,0.178133232299204,Expt,10.1103/PhysRevB.87.115206
Ba8Cu5Si25Ge16,564,887,-91,1.895,0.218613156094987,Expt,10.1103/PhysRevB.87.115206
Ba8Cu5Si25Ge16,613,840,-97.5,1.903,0.255,Expt,10.1103/PhysRevB.87.115206
Pb0.98Zn0.035Te,419,594,-208.9,1.9077,0.565,Expt,https://doi.org/10.1021/acsami.1c14518
Ba8Cu5Si25Ge16,661,784,-102.5,1.91,0.2843,Expt,10.1103/PhysRevB.87.115206
Gd2Se2.92,350,353.8,-81.16,1.913,0.0426378188002091,Expt,https://doi.org/10.1021/acs.chemmater.0c03581
Cu0.005Pb0.995TeMnTe0.03,323,978.1,-177.02,1.93,0.512947768770701,Expt,https://doi.org/10.1021/acsami.1c17254
Nd2.84Te4,373,1286,-42.2,1.9338,0.0441736358216982,Expt,https://doi.org/10.1021/acs.chemmater.9b00964
Pb0.975Zn0.04Te,423,684.5,-191.5,1.94,0.547330495766753,Expt,https://doi.org/10.1021/acsami.1c14518
AgCuSe,382,558.56,-26.75,1.9464,0.00784420023530621,Expt,https://doi.org/10.1021/ic502102e
Nd2.86Te4,573,1140.85,-68.8,2,0.151,Expt,https://doi.org/10.1021/acs.chemmater.9b00964
Gd2Se2.98,350,418.35,-123.55,2.03,0.110102525101293,Expt,https://doi.org/10.1021/acs.chemmater.0c03581
CuFe0.92In0.08S2,510,26.3,-372.5,2.037,0.0913665970176731,Expt,10.1021/acs.jpcc.6b10308
Nd2.86Te4,373,1514,-42,2.066,0.048217309196515,Expt,https://doi.org/10.1021/acs.chemmater.9b00964
Ag2Se,399,2847.68,-127.46,2.0733,0.548,Expt,https://doi.org/10.1021/acsami.1c08410
PbZn0.015Te,320,572,-248.91,2.075,0.55,Expt,https://doi.org/10.1021/acsami.1c14518
Rb7.88Au2.47Ge43.53,300,5.514,-12.61,2.0769,0.0000126649244460494,Expt,https://doi.org/10.1021/ic3024315
PbTeMnTe0.03,323,1036.99,-165.09,2.0853,0.437774118836423,Expt,https://doi.org/10.1021/acsami.1c17254
Ag0.97CuSe,391,599.03,-30.57,2.1163,0.0103428202183612,Expt,https://doi.org/10.1021/ic502102e
Gd2Se2.94,350,356,-84.7,2.13,0.0419667424413145,Expt,https://doi.org/10.1021/acs.chemmater.0c03581
CuFe0.98In0.02S2,600,39.36,-369.8,2.147,0.150420874552399,Expt,10.1021/acs.jpcc.6b10308
Sr14.8Ga28.6Ge56.6,408,1083.91,-87.3,2.151,0.156690065881506,Expt,10.1063/1.2194187
Sr14.8Ga28.6Ge56.6,510,925.45,-101,2.16,0.222901059236111,Expt,10.1063/1.2194187
PbTe,323,225,-230.71,2.165,0.183,Expt,https://doi.org/10.1021/acsami.1c14518
Ba8.02Cu4.98Si35Ge5.99,417,1314,-58,2.17,0.0827,Expt,10.1103/PhysRevB.87.115206
Ba8.02Cu4.98Si35Ge5.99,466,1212,-65.3,2.19,0.109969128734247,Expt,10.1103/PhysRevB.87.115206
Ba8.02Cu4.98Si35Ge5.99,517,1153.2,-72,2.225,0.1378,Expt,10.1103/PhysRevB.87.115206
Ba8.02Cu4.98Si35Ge5.99,615,1036.23,-84.3,2.25,0.204,Expt,10.1103/PhysRevB.87.115206
Ba8.02Cu4.98Si35Ge5.99,566,1090,-78.5,2.25,0.1677,Expt,10.1103/PhysRevB.87.115206
Ba8.02Cu4.98Si35Ge5.99,665,953.5,-90,2.253,0.2386,Expt,10.1103/PhysRevB.87.115206
Pb0.995Zn0.02Te,318,809.21,-213,2.28,0.503,Expt,https://doi.org/10.1021/acsami.1c14518
Ba0.11Yb0.08Co4Sb12,700,1234.04,-167.93,2.316,1.05182938126931,Expt,https://doi.org/10.1063/1.2920210
Ba0.11Yb0.08Co4Sb12,600,1351,-159,2.346,0.864,Expt,https://doi.org/10.1063/1.2920210
TiZr0.015NiSn,522,570.77,-203.05,2.3661,0.5546,Expt,https://doi.org/10.1021/acsami.1c14723
CuFe0.96In0.04S2,510,42.44,-355.2,2.38,0.114739910948571,Expt,10.1021/acs.jpcc.6b10308
TiZr0.015NiSn,423,472.31,-176.49,2.38,0.2773,Expt,https://doi.org/10.1021/acsami.1c14723
Ba0.11Yb0.08Co4Sb12,300,2115,-107,2.38,0.3,Expt,https://doi.org/10.1063/1.2920210
Ba0.11Yb0.08Co4Sb12,500,1540,-144.5,2.39,0.672710983263598,Expt,https://doi.org/10.1063/1.2920210
Ba0.08Yb0.09Co4Sb12,700,1220,-184,2.41,1.19971053941909,Expt,https://doi.org/10.1063/1.2920210
Sr14.8Ga28.6Ge56.6,613,792.6,-112.5,2.4146,0.254668007899859,Expt,10.1063/1.2194187
Pb0.985Zn0.03Te,318,1050,-171.2,2.42,0.397,Expt,https://doi.org/10.1021/acsami.1c14518
Ba0.11Yb0.08Co4Sb12,400,1773,-127,2.42,0.472673008264463,Expt,https://doi.org/10.1063/1.2920210
Nd2.9Te4,373,1800,-35.7,2.4485,0.0349476245047989,Expt,https://doi.org/10.1021/acs.chemmater.9b00964
Ba0.08Yb0.09Co4Sb12,600,1380,-175.5,2.45,1.03,Expt,https://doi.org/10.1063/1.2920210
TiZr0.015NiSn,626,691.47,-207.94,2.4645,0.7784,Expt,https://doi.org/10.1021/acsami.1c14723
Ba0.05Yb0.09Co4Sb12,600,826,-225.86,2.47,1.02355926096194,Expt,https://doi.org/10.1063/1.2920210
Nd2.9Te4,573,1384,-56.9,2.471,0.094,Expt,https://doi.org/10.1021/acs.chemmater.9b00964
Ba0.08Yb0.09Co4Sb12,300,2066,-126.2,2.51,0.38,Expt,https://doi.org/10.1063/1.2920210
La2.0Co4Sb12,373,3589.74,-15.4,2.52,0.012601223866,Expt,https://doi.org/10.1016/j.matchemphys.2005.07.068
Ba0.08Yb0.09Co4Sb12,400,1723.4,-145,2.53,0.57,Expt,https://doi.org/10.1063/1.2920210
TiZr0.015NiSn,323,346.15,-140,2.568,0.0853351409657321,Expt,https://doi.org/10.1021/acsami.1c14723
TiZr0.005NiSn,522,600,-183,2.584,0.4314,Expt,https://doi.org/10.1021/acsami.1c14723
Pb0.98Zn0.035Te,318,1142.76,-161,2.5902,0.358,Expt,https://doi.org/10.1021/acsami.1c14518
CuFeS2,600,39.14,-380,2.615,0.129678378585086,Expt,10.1021/acs.jpcc.6b10308
TiZr0.005NiSn,423,510.77,-160,2.67,0.2189,Expt,https://doi.org/10.1021/acsami.1c14723
Zn0.96Al0.04O,673,423.5,-88,2.67,0.0826651697378277,Expt,https://doi.org/10.1016/j.jpcs.2010.06.006
TiZr0.005NiSn,626,718,-189,2.677,0.6178,Expt,https://doi.org/10.1021/acsami.1c14723
TiZr0.025NiSn,526,546.2,-191.2,2.6776,0.4086,Expt,https://doi.org/10.1021/acsami.1c14723
Ba8.07Cu4.89Si41.03,566,1288.29,-72.6,2.685,0.143139342593162,Expt,10.1103/PhysRevB.87.115206
TiZr0.025NiSn,630,658.46,-193.28,2.6885,0.587,Expt,https://doi.org/10.1021/acsami.1c14723
Nd2.92Te4,373,2131.58,-31.13,2.6985,0.0285526411732906,Expt,https://doi.org/10.1021/acs.chemmater.9b00964
Ba8.07Cu4.89Si41.03,615,1233,-78,2.7,0.17086914,Expt,10.1103/PhysRevB.87.115206
Ba8.07Cu4.89Si41.03,517,1361.9,-66,2.7,0.113595171066667,Expt,10.1103/PhysRevB.87.115206
Ba8.07Cu4.89Si41.03,466,1430,-60,2.715,0.089,Expt,10.1103/PhysRevB.87.115206
Ba8.07Cu4.89Si41.03,665,1153.2,-82.6,2.723,0.192149267105398,Expt,10.1103/PhysRevB.87.115206
CuFe0.98In0.02S2,510,48,-353,2.743,0.111207740430186,Expt,10.1021/acs.jpcc.6b10308
Nd2.92Te4,573,1636.4,-49.4,2.743,0.0834203836890995,Expt,https://doi.org/10.1021/acs.chemmater.9b00964
Ba0.05Yb0.09Co4Sb12,400,1000,-186,2.75,0.51,Expt,https://doi.org/10.1063/1.2920210
CrO0.09N0.9,300,356.6,-48.65,2.75,0.00920736985636364,Expt,https://doi.org/10.1016/j.actamat.2010.10.046
Pb0.975Zn0.04Te,323,1305.3,-150,2.753,0.3445792862332,Expt,https://doi.org/10.1021/acsami.1c14518
TiZr0.025NiSn,424,406.3,-180,2.7814,0.2108,Expt,https://doi.org/10.1021/acsami.1c14723
Ba0.05Yb0.09Co4Sb12,300,1124,-157.5,2.814,0.29,Expt,https://doi.org/10.1063/1.2920210
CoAsSb,400,226.9,-128.74,2.8173,0.0533935013870018,Expt,https://doi.org/10.1021/acs.chemmater.7b05170
CoAsSb,350,177.2,-118,2.819,0.0306337878680383,Expt,https://doi.org/10.1021/acs.chemmater.7b05170
CuFe0.92In0.08S2,390,22.2,-373,2.826,0.0424,Expt,10.1021/acs.jpcc.6b10308
Ba8.07Cu4.89Si41.03,417,1503,-54.3,2.861,0.0638,Expt,10.1103/PhysRevB.87.115206
CoAsSb,450,283.61,-132.3,2.8885,0.0773359402667475,Expt,https://doi.org/10.1021/acs.chemmater.7b05170
TiZr0.005NiSn,323,393.85,-137.05,2.9344,0.0814276943708723,Expt,https://doi.org/10.1021/acsami.1c14723
Ag2Se,423,1398.37,-87.6,3.004,0.148,Expt,https://doi.org/10.1021/acsami.1c08410
Ag2Se,474,1266.38,-94.33,3.0293,0.162,Expt,https://doi.org/10.1021/acsami.1c08410
CoAsSb,500,347.04,-130.815,3.034,0.0978698795096242,Expt,https://doi.org/10.1021/acs.chemmater.7b05170
Ba0.11Yb0.03Co4Sb12,700,1111.7,-175.5,3.038,0.78,Expt,https://doi.org/10.1063/1.2920210
La0.25Ca0.75TiO3,640,665,-105.5,3.07,0.154300794788274,Expt,https://doi.org/10.1016/j.cej.2021.131121 
LaCo4Sb12,373,1686.75,-89,3.07,0.162330896995114,Expt,https://doi.org/10.1016/j.matchemphys.2005.07.068
Ag2Se,573,1142.1,-103.6,3.08,0.221,Expt,https://doi.org/10.1021/acsami.1c08410
TiZr0.025NiSn,323,273.85,-155.66,3.082,0.0695403200988443,Expt,https://doi.org/10.1021/acsami.1c14723
Ag2Se,524,1186.21,-100,3.1,0.19,Expt,https://doi.org/10.1021/acsami.1c08410
Ba0.11Yb0.03Co4Sb12,600,1190,-166.9,3.113,0.634,Expt,https://doi.org/10.1063/1.2920210
La0.7Co4Sb12,373,333,-177.66,3.157,0.124181756642395,Expt,https://doi.org/10.1016/j.matchemphys.2005.07.068
Nd3Te4,373,3240,-29,3.19,0.0318609818181818,Expt,https://doi.org/10.1021/acs.chemmater.9b00964
Ba0.11Yb0.03Co4Sb12,300,1787,-114.8,3.203,0.215,Expt,https://doi.org/10.1063/1.2920210
La0.15Ca0.85TiO3,640,489.25,-126,3.21,0.154862714018692,Expt,https://doi.org/10.1016/j.cej.2021.131121 
Ba0.11Yb0.03Co4Sb12,500,1308,-153.7,3.234,0.477733248608534,Expt,https://doi.org/10.1063/1.2920210
La0.1Ca0.9TiO3,640,199,-145.8,3.238,0.0836125086596665,Expt,https://doi.org/10.1016/j.cej.2021.131121 
Ba0.11Yb0.03Co4Sb12,400,1500,-136.55,3.278,0.341291687004271,Expt,https://doi.org/10.1063/1.2920210
Nd3Te4,573,2455,-43,3.28,0.075,Expt,https://doi.org/10.1021/acs.chemmater.9b00964
La0.25Ca0.75TiO3,538,973,-86,3.3,0.117321627393939,Expt,https://doi.org/10.1016/j.cej.2021.131121 
CuFe0.96In0.04S2,390,39.16,-357.9,3.337,0.059,Expt,10.1021/acs.jpcc.6b10308
Sr0.16Yb0.03Co4Sb11.82,650,1759.09,-175,3.4,1.02990839154412,Expt,10.1007/s00339-010-5711-3
Sr0.16Yb0.03Co4Sb11.82,600,1854.55,-168,3.4,0.923696809411765,Expt,10.1007/s00339-010-5711-3
Sr0.16Yb0.03Co4Sb11.82,700,1681.82,-180,3.41,1.11858292082111,Expt,10.1007/s00339-010-5711-3
La0.2Ca0.8TiO3,538,1188,-92,3.41,0.158642663225806,Expt,https://doi.org/10.1016/j.cej.2021.131121 
CuFe0.92In0.08S2,300,17.85,-382,3.442,0.0227025862870424,Expt,10.1021/acs.jpcc.6b10308
Sr0.16Yb0.03Co4Sb11.82,550,1963.64,-161,3.45,0.811441502666666,Expt,10.1007/s00339-010-5711-3
CaTiO3,640,24.5,-264,3.46,0.0315847768786127,Expt,https://doi.org/10.1016/j.cej.2021.131121 
CoAsSb,600,498.15,-119,3.4673,0.122071389553832,Expt,https://doi.org/10.1021/acs.chemmater.7b05170
ZrNiSn,673,697.9,-160.4,3.491,0.346152236249556,Expt,https://doi.org/10.1021/acsami.1c05639
La0.15Ca0.85TiO3,538,731.2,-107,3.496,0.135,Expt,https://doi.org/10.1016/j.cej.2021.131121 
Sr0.16Yb0.03Co4Sb11.82,500,2104.55,-154,3.5,0.71302154,Expt,10.1007/s00339-010-5711-3
La0.1Ca0.9TiO3,538,263.4,-129.4,3.5,0.0677951388603429,Expt,https://doi.org/10.1016/j.cej.2021.131121 
CuFeS2,510,48.8,-361.6,3.512,0.0926600082369021,Expt,10.1021/acs.jpcc.6b10308
ZrNiSn,573,588.97,-152.1,3.573,0.218510951336751,Expt,https://doi.org/10.1021/acsami.1c05639
Sr0.21Yb0.03Co4Sb12.12,700,1940.91,-170,3.6,1.09068359166667,Expt,10.1007/s00339-010-5711-3
Sr0.21Co4Sb12.25,700,1318.18,-188,3.62,0.900906843756906,Expt,10.1007/s00339-010-5711-3
Ba0.15Yb0.01Co4Sb12,600,1130,-179,3.624,0.599442549668874,Expt,https://doi.org/10.1063/1.2920210
Sr0.16Yb0.03Co4Sb11.82,450,2254.55,-145,3.63,0.587627029958678,Expt,10.1007/s00339-010-5711-3
Sr0.21Yb0.03Co4Sb12.12,650,2040.91,-163,3.64,0.968302460535714,Expt,10.1007/s00339-010-5711-3
Sr0.21Co4Sb12.25,650,1372.73,-184,3.65,0.827639601972603,Expt,10.1007/s00339-010-5711-3
La0.25Ca0.75TiO3,432,1510,-66,3.66,0.0776367737704918,Expt,https://doi.org/10.1016/j.cej.2021.131121 
CuMo6Te8,400,2003.46,-2.33,3.661,0.000118837301218246,Expt,https://doi.org/10.1016/S1003-6326(08)60326-X
CaTiO3,538,26,-257,3.67,0.0251742074114441,Expt,https://doi.org/10.1016/j.cej.2021.131121 
Sr0.21Co4Sb12.25,600,1463.64,-176,3.68,0.739201836521739,Expt,10.1007/s00339-010-5711-3
Sr0.21Yb0.03Co4Sb12.12,600,2145.45,-158,3.68,0.873244790217391,Expt,10.1007/s00339-010-5711-3
Zn0.96Al0.04O,573,505,-81,3.7,0.0513114531081081,Expt,https://doi.org/10.1016/j.jpcs.2010.06.006
Ba0.03Co4Sb12,600,297.87,-215.17,3.714,0.22279198150958,Expt,https://doi.org/10.1063/1.2920210
Sr0.21Yb0.03Co4Sb12.12,550,2272.73,-153,3.72,0.786593685846774,Expt,10.1007/s00339-010-5711-3
Ba0.03Co4Sb12,700,329.78,-184.83,3.729,0.211482724806903,Expt,https://doi.org/10.1063/1.2920210
Sr0.16Yb0.03Co4Sb11.82,400,2490.91,-136,3.74,0.492747287272727,Expt,10.1007/s00339-010-5711-3
ZrNiSn,474,474.48,-132.87,3.744,0.106050881475104,Expt,https://doi.org/10.1021/acsami.1c05639
Sr0.21Yb0.03Co4Sb12.12,500,2431.82,-146,3.77,0.68748905994695,Expt,10.1007/s00339-010-5711-3
La0.2Ca0.8TiO3,432,1924.73,-72,3.776,0.114152800271186,Expt,https://doi.org/10.1016/j.cej.2021.131121 
Sr0.21Co4Sb12.25,550,1550,-170,3.8,0.648348684210526,Expt,10.1007/s00339-010-5711-3
Ba0.15Yb0.01Co4Sb12,500,1275,-165,3.82,0.445,Expt,https://doi.org/10.1063/1.2920210
Zn0.875Cd0.125Sc0.02O1.03,673,328.6,-110,3.83,0.0698665373368146,Expt,10.1039/c6ta03126a
Sr0.21Yb0.03Co4Sb12.12,450,2600,-136,3.85,0.562086233766234,Expt,10.1007/s00339-010-5711-3
La0.15Ca0.85TiO3,432,1151,-86,3.85,0.105,Expt,https://doi.org/10.1016/j.cej.2021.131121 
Sr0.11Ba0.18Co4Sb12.09,700,2318.18,-154,3.87,0.994433328578811,Expt,10.1007/s00339-010-5711-3
Sr0.11Ba0.18Co4Sb12.09,650,2425.93,-149,3.9,0.897634532166667,Expt,10.1007/s00339-010-5711-3
Sr0.16Yb0.03Co4Sb11.82,350,2731.82,-126,3.9,0.389221308,Expt,10.1007/s00339-010-5711-3
Sr0.21Co4Sb12.25,500,1654.55,-162,3.92,0.553852170918367,Expt,10.1007/s00339-010-5711-3
Sr0.11Ba0.18Co4Sb12.09,600,2560.18,-144,3.93,0.810502175267176,Expt,10.1007/s00339-010-5711-3
Sr0.21Yb0.03Co4Sb12.12,400,2872.73,-127,3.94,0.47039860071066,Expt,10.1007/s00339-010-5711-3
CuFe0.98In0.02S2,390,47.15,-348.8,4,0.055929284736,Expt,10.1021/acs.jpcc.6b10308
Sr0.11Ba0.18Co4Sb12.09,550,2713.64,-137,4,0.70031925095,Expt,10.1007/s00339-010-5711-3
CoAsSb,700,685.2,-104.1,4,0.12994418871,Expt,https://doi.org/10.1021/acs.chemmater.7b05170
TiNiSn,630,806.2,-151,4.0163,0.3227,Expt,https://doi.org/10.1021/acsami.1c14723
CaTiO3,432,36,-259,4.03,0.0258869407444169,Expt,https://doi.org/10.1016/j.cej.2021.131121 
Ba0.15Yb0.01Co4Sb12,400,1440,-146.2,4.04,0.3185,Expt,https://doi.org/10.1063/1.2920210
Sr0.16Yb0.03Co4Sb11.82,300,2968.18,-116,4.05,0.295850593185185,Expt,10.1007/s00339-010-5711-3
TiNiSn,526,719.38,-145.12,4.0543,0.2173,Expt,https://doi.org/10.1021/acsami.1c14723
Sr0.11Ba0.18Co4Sb12.09,500,2886.36,-130,4.06,0.600732561576355,Expt,10.1007/s00339-010-5711-3
La0.25Ca0.75TiO3,321,2452,-48,4.063,0.0446335212404627,Expt,https://doi.org/10.1016/j.cej.2021.131121 
Ba0.03Co4Sb12,500,276.6,-244.14,4.075,0.202289083844908,Expt,https://doi.org/10.1063/1.2920210
Mg2Sn0.995Sb0.005,444,1385.96,-170.09,4.0755,0.436827862284641,Expt,https://doi.org/10.1021/acsami.0c17462
Sr0.21Yb0.03Co4Sb12.12,350,3150,-119,4.08,0.382659375,Expt,10.1007/s00339-010-5711-3
TiNiSn,424,697.67,-114.42,4.1033,0.1054,Expt,https://doi.org/10.1021/acsami.1c14723
Sr0.21Co4Sb12.25,450,1786.36,-156,4.11,0.475980185693431,Expt,10.1007/s00339-010-5711-3
Mg2Sn0.995Sb0.005,544,1026.32,-187.93,4.1132,0.479395653588763,Expt,https://doi.org/10.1021/acsami.0c17462
Sr0.11Ba0.18Co4Sb12.09,450,3097.22,-123,4.16,0.506875688004808,Expt,10.1007/s00339-010-5711-3
Nb0.75Ta0.25CoSn0.9Sb0.1,628,960.28,-149.23,4.1856,0.320857417162833,Expt,https://doi.org/10.1021/acsaem.1c02293
ZrNiSn,376,369.66,-101.04,4.22,0.0336251730616174,Expt,https://doi.org/10.1021/acsami.1c05639
Sr0.21Yb0.03Co4Sb12.12,300,3422.73,-109,4.23,0.288407483191489,Expt,10.1007/s00339-010-5711-3
CuFe0.96In0.04S2,300,34.88,-363.6,4.2315,0.0325,Expt,10.1021/acs.jpcc.6b10308
Sr0.11Ba0.18Co4Sb12.09,400,3347.22,-115,4.25,0.416630442352941,Expt,10.1007/s00339-010-5711-3
Zn0.875Cd0.125Sc0.02O1.03,573,355.7,-101,4.25,0.0489206596729412,Expt,10.1039/c6ta03126a
La0.2Ca0.8TiO3,321,3392.47,-52,4.273,0.0689119981390124,Expt,https://doi.org/10.1016/j.cej.2021.131121 
Sr0.21Co4Sb12.25,400,1954.54,-147,4.29,0.39380563972028,Expt,10.1007/s00339-010-5711-3
Mg2Sn0.995Sb0.005,646,1043.8,-187,4.302,0.548103553258949,Expt,https://doi.org/10.1021/acsami.0c17462
Co0.97Ni0.03GeTe,626,715.42,-118.09,4.313,0.144804546295141,Expt,https://doi.org/10.1021/acs.inorgchem.1c01538
Zn0.9Cd0.1Sc0.02O1.03,673,430,-107.6,4.34,0.0772001835576037,Expt,10.1039/c6ta03126a
Nb0.8Ta0.2CoSn0.9Sb0.1,628,995.74,-145.19,4.3454,0.303353666044424,Expt,https://doi.org/10.1021/acsaem.1c02293
Nb0.75Ta0.25CoSn0.9Sb0.1,530,1059.57,-134.04,4.3454,0.232190582662755,Expt,https://doi.org/10.1021/acsaem.1c02293
Ba0.15Yb0.01Co4Sb12,300,1797,-125.1,4.35,0.193952192896552,Expt,https://doi.org/10.1063/1.2920210
Zn0.9Cd0.1Sc0.04O1.06,673,341.67,-119,4.38,0.0743432810390411,Expt,10.1039/c6ta03126a
Zn0.9Cd0.1Sc0.03O1.045,673,400,-111,4.38,0.0757263287671233,Expt,10.1039/c6ta03126a
TiNiSn,323,604.7,-82.8,4.3804,0.0305695745298146,Expt,https://doi.org/10.1021/acsami.1c14723
Zn0.9Cd0.1Sc0.01O1.015,673,444,-112,4.394,0.0853049096040055,Expt,10.1039/c6ta03126a
Zn0.85Cd0.15Sc0.02O1.03,673,192,-86,4.42,0.0216217542081448,Expt,10.1039/c6ta03126a
Mg2Sn0.99Sb0.01,646,1675.44,-170.86,4.4277,0.713615072434445,Expt,https://doi.org/10.1021/acsami.0c17462
Nb0.85Ta0.15CoSn0.9Sb0.1,628,1028.37,-143.24,4.428,0.299247172077975,Expt,https://doi.org/10.1021/acsaem.1c02293
Sr0.11Ba0.18Co4Sb12.09,350,3675.93,-105,4.45,0.318752694101124,Expt,10.1007/s00339-010-5711-3
La0.7Co4Sb12,573,350.88,-201,4.46,0.182125389018834,Expt,https://doi.org/10.1016/j.matchemphys.2005.07.068
Co0.97Ni0.03GeTe,551,720.74,-117.02,4.4885,0.121157187245946,Expt,https://doi.org/10.1021/acs.inorgchem.1c01538
Nb0.8Ta0.2CoSn0.9Sb0.1,530,1090.78,-131.15,4.49,0.221464073977094,Expt,https://doi.org/10.1021/acsaem.1c02293
Nb0.75Ta0.25CoSn0.9Sb0.1,430,1160.28,-120,4.49,0.160010106013363,Expt,https://doi.org/10.1021/acsaem.1c02293
La0.7Co4Sb12,473,339.8,-197.3,4.52,0.138420448145265,Expt,https://doi.org/10.1016/j.matchemphys.2005.07.068
Zn0.96Al0.04O,473,541,-75,4.52,0.0318450912610619,Expt,https://doi.org/10.1016/j.jpcs.2010.06.006
Nb0.9Ta0.1CoSn0.9Sb0.1,628,1121.99,-139.05,4.536,0.300343038729107,Expt,https://doi.org/10.1021/acsaem.1c02293
Sr0.21Co4Sb12.25,350,2177.27,-136,4.58,0.307746180611354,Expt,10.1007/s00339-010-5711-3
Co0.99Ni0.01GeTe,626,529.26,-125.32,4.5954,0.113229830757632,Expt,https://doi.org/10.1021/acs.inorgchem.1c01538
Nb0.75Ta0.25CoSn0.9Sb0.1,338,1219.86,-105,4.603,0.0987561872039974,Expt,https://doi.org/10.1021/acsaem.1c02293
Mg2Sn0.99Sb0.01,544,2168.14,-153.02,4.6478,0.594203472059178,Expt,https://doi.org/10.1021/acsami.0c17462
Mg2Sn0.98Sb0.02,646,2292,-141.38,4.674,0.633190481822439,Expt,https://doi.org/10.1021/acsami.0c17462
TiNiSn,398,483.44,-174.92,4.691,0.125498679941555,Expt,https://doi.org/10.1021/acs.chemmater.7b02685
CaTiO3,321,54,-252.3,4.692,0.0235166410242967,Expt,https://doi.org/10.1016/j.cej.2021.131121 
Nb0.85Ta0.15CoSn0.9Sb0.1,530,1119.15,-130.29,4.696,0.214416522703853,Expt,https://doi.org/10.1021/acsaem.1c02293
TiNiSn,297,324.5,-165.41,4.7047,0.0560483379139935,Expt,https://doi.org/10.1021/acs.chemmater.7b02685
VFeSb,700,560.24,-187.2,4.723,0.2778,Expt,https://doi.org/10.1021/acs.chemmater.0c01189
Nb0.8Ta0.2CoSn0.9Sb0.1,430,1181.56,-116.15,4.7268,0.145009160113248,Expt,https://doi.org/10.1021/acsaem.1c02293
Ba0.03Co4Sb12,400,340,-244.3,4.753,0.167,Expt,https://doi.org/10.1063/1.2920210
Co0.99Ni0.01GeTe,551,484.04,-139.57,4.7576,0.109201620370161,Expt,https://doi.org/10.1021/acs.inorgchem.1c01538
Nb0.95Ta0.05CoSn0.9Sb0.1,628,1170.21,-133.27,4.766,0.273863532810735,Expt,https://doi.org/10.1021/acsaem.1c02293
Mg2Sn0.99Sb0.01,444,2894,-133,4.7799,0.475516912571393,Expt,https://doi.org/10.1021/acsami.0c17462
TiNiSn,498,642.38,-179.24,4.7987,0.214174432233785,Expt,https://doi.org/10.1021/acs.chemmater.7b02685
Nb0.85Ta0.15CoSn0.9Sb0.1,430,1211.35,-114.42,4.804,0.141951173563701,Expt,https://doi.org/10.1021/acsaem.1c02293
Nb0.9Ta0.1CoSn0.9Sb0.1,530,1211.35,-125.77,4.8093,0.211162972204686,Expt,https://doi.org/10.1021/acsaem.1c02293
VFeSb,600,672,-203.8,4.867,0.334,Expt,https://doi.org/10.1021/acs.chemmater.0c01189
Sr0.21Co4Sb12.25,300,2400,-126,4.87,0.23471704312115,Expt,10.1007/s00339-010-5711-3
Co0.95Ni0.05GeTe,626,1253.97,-87.87,4.9084,0.123481752670863,Expt,https://doi.org/10.1021/acs.inorgchem.1c01538
Nb0.8Ta0.2CoSn0.9Sb0.1,338,1229.79,-104.23,4.9175,0.0918308838866895,Expt,https://doi.org/10.1021/acsaem.1c02293
Zn0.9Cd0.1Sc0.03O1.045,573,440,-92.7,4.93,0.043946050198783,Expt,10.1039/c6ta03126a
Zn0.9Cd0.1Sc0.01O1.015,573,490,-101,4.94,0.0579784366396761,Expt,10.1039/c6ta03126a
Co0.97Ni0.03GeTe,478,760.64,-109.15,4.9466,0.0875684663362148,Expt,https://doi.org/10.1021/acs.inorgchem.1c01538
Zn0.9Cd0.1Sc0.04O1.06,573,376.04,-110.2,4.9545,0.0528143601032758,Expt,10.1039/c6ta03126a
Nb0.95Ta0.05CoSn0.9Sb0.1,530,1270.92,-119.04,4.9583,0.192507263281612,Expt,https://doi.org/10.1021/acsaem.1c02293
VFeSb,550,759,-204.6,4.9639,0.3429,Expt,https://doi.org/10.1021/acs.chemmater.0c01189
Co0.95Ni0.05GeTe,551,1338.62,-75.74,4.969,0.0851511491028358,Expt,https://doi.org/10.1021/acs.inorgchem.1c01538
Nb0.85Ta0.15CoSn0.9Sb0.1,338,1259.57,-103.27,4.9794,0.0911822590228926,Expt,https://doi.org/10.1021/acsaem.1c02293
Zn0.9Cd0.1Sc0.02O1.03,573,475.7,-99,5,0.053430367122,Expt,10.1039/c6ta03126a
Zn0.85Cd0.15Sc0.02O1.03,573,198,-79,5,0.01416132828,Expt,10.1039/c6ta03126a
Nb0.9Ta0.1CoSn0.9Sb0.1,430,1293.62,-111.1,5.015,0.136909113214078,Expt,https://doi.org/10.1021/acsaem.1c02293
Zn0.875Cd0.125Sc0.02O1.03,473,383.3,-93,5.08,0.0298,Expt,10.1039/c6ta03126a
TiNiSn,598,794.7,-177.08,5.0872,0.292930512648762,Expt,https://doi.org/10.1021/acs.chemmater.7b02685
CoSb3.0,473,31.25,-105,5.1,0.00319535845588235,Expt,https://doi.org/10.1016/S0925-8388(00)01275-5
Mg2Sn0.995Sb0.005,350,1956.14,-148.1,5.1069,0.294049700461924,Expt,https://doi.org/10.1021/acsami.0c17462
Co0.99Ni0.01GeTe,478,481.38,-142.34,5.1136,0.091168143024812,Expt,https://doi.org/10.1021/acs.inorgchem.1c01538
Mg2Sn0.98Sb0.02,544,3044.64,-117.3,5.17,0.440798724948673,Expt,https://doi.org/10.1021/acsami.0c17462
CuFe0.98In0.02S2,300,45,-358.2,5.202,0.0332977266435986,Expt,10.1021/acs.jpcc.6b10308
VFeSb,500,861.4,-201.5,5.2048,0.335985803008761,Expt,https://doi.org/10.1021/acs.chemmater.0c01189
Cu0.9Pd0.1FeS2,300,273.84,-168,5.227,0.0443592509661374,Expt,https://doi.org/10.1021/acs.jpcc.0c06490
Nb0.95Ta0.05CoSn0.9Sb0.1,430,1350.35,-102.885,5.245,0.117185380805679,Expt,https://doi.org/10.1021/acsaem.1c02293
Co0.95Ni0.05GeTe,478,1444.44,-66.38,5.2519,0.0579275887309775,Expt,https://doi.org/10.1021/acs.inorgchem.1c01538
TiNiSn,697,913.91,-172.32,5.255,0.359943934068834,Expt,https://doi.org/10.1021/acs.chemmater.7b02685
La1.25Co4Sb12,373,2450,-64,5.2647,0.0710986305012631,Expt,https://doi.org/10.1016/j.matchemphys.2005.07.068
ZrNiPb0.94Sn0.4Bi0.02,673,2246.55,-142.32,5.309,0.576833265554993,Expt,https://doi.org/10.1021/acs.chemmater.6b04898
Nb0.9Ta0.1CoSn0.9Sb0.1,338,1343.26,-100.96,5.32,0.0869888990136204,Expt,https://doi.org/10.1021/acsaem.1c02293
Zn0.97Al0.03O,673,375,-94,5.38,0.051,Expt,https://doi.org/10.1016/j.jpcs.2010.06.006
Ti0.99Mn0.01NiSn0.99Sb0.01,697,1066.5,-167.3,5.39,0.386008399186364,Expt,https://doi.org/10.1021/acs.chemmater.7b02685
NbCoSn0.9Sb0.1,628,1209.93,-129.23,5.3958,0.235174773112052,Expt,https://doi.org/10.1021/acsaem.1c02293
Ti0.97Mn0.03NiSn0.97Sb0.03,598,1397.35,-140.76,5.396,0.306826565367629,Expt,https://doi.org/10.1021/acs.chemmater.7b02685
CoSb3.0,423,29.41,-200,5.4,0.00921513333333333,Expt,https://doi.org/10.1016/S0925-8388(00)01275-5
Ti0.97Mn0.03NiSn0.97Sb0.03,697,1385,-147.2,5.4,0.387350759348148,Expt,https://doi.org/10.1021/acs.chemmater.7b02685
Ba0.03Co4Sb12,300,399,-219.66,5.4135,0.106688588109726,Expt,https://doi.org/10.1063/1.2920210
Ti0.99Mn0.01NiSn0.99Sb0.01,598,1052.98,-167.35,5.4564,0.323196418519278,Expt,https://doi.org/10.1021/acs.chemmater.7b02685
Ti0.97Mn0.03NiSn0.97Sb0.03,498,1417.22,-128.43,5.4564,0.213350360064985,Expt,https://doi.org/10.1021/acs.chemmater.7b02685
ZrNiPb,673,296.03,-198.8,5.47,0.145,Expt,https://doi.org/10.1021/acs.chemmater.6b04898
Zn0.9Cd0.1Sc0.02O1.03,473,520,-86.5,5.5,0.033460622,Expt,10.1039/c6ta03126a
Ti0.99Mn0.01NiSn0.99Sb0.01,498,1000,-158.1,5.5235,0.225360980899792,Expt,https://doi.org/10.1021/acs.chemmater.7b02685
Ti0.98Mn0.02NiSn0.98Sb0.02,697,1523.18,-153.7,5.56,0.451083508948514,Expt,https://doi.org/10.1021/acs.chemmater.7b02685
Nb0.95Ta0.05CoSn0.9Sb0.1,338,1400,-89.3,5.562,0.0678448160373966,Expt,https://doi.org/10.1021/acsaem.1c02293
Ti0.98Mn0.02NiSn0.98Sb0.02,598,1609.27,-152.43,5.577,0.400931661722018,Expt,https://doi.org/10.1021/acs.chemmater.7b02685
ZrNiPb0.94Sn0.4Bi0.02,475,2930,-115.61,5.577,0.333542659945759,Expt,https://doi.org/10.1021/acs.chemmater.6b04898
Ti0.98Mn0.02NiSn0.98Sb0.02,498,1589,-143.3,5.604,0.28996627809743,Expt,https://doi.org/10.1021/acs.chemmater.7b02685
Zn0.9Cd0.1Sc0.03O1.045,473,483.33,-92.7,5.62,0.0349565083050907,Expt,10.1039/c6ta03126a
Ti0.97Mn0.03NiSn0.97Sb0.03,398,1423.84,-112.2,5.631,0.126690616060181,Expt,https://doi.org/10.1021/acs.chemmater.7b02685
Ti0.95Mn0.05NiSn0.95Sb0.05,697,1795,-154.2,5.644,0.527082956566265,Expt,https://doi.org/10.1021/acs.chemmater.7b02685
Co0.95Ni0.05GeTe,394,1589.95,-54.89,5.6489,0.0334119839224916,Expt,https://doi.org/10.1021/acs.inorgchem.1c01538
Ti0.9Mn0.1NiSn0.9Sb0.1,697,2403.97,-125.84,5.651,0.46954144665172,Expt,https://doi.org/10.1021/acs.chemmater.7b02685
ZrNiPb0.9Sn0.8Bi0.02,673,1417.47,-175.24,5.6585,0.517719006463392,Expt,https://doi.org/10.1021/acs.chemmater.6b04898
Ti0.95Al0.05O2,296,21.04,-238.95,5.67,0.00627145712228571,Expt,https://doi.org/10.1021/jp302652c
Zn0.875Cd0.125Sc0.02O1.03,373,410,-83,5.67,0.0185808601410935,Expt,10.1039/c6ta03126a
Zn0.9Cd0.1Sc0.04O1.06,473,411.46,-102,5.7,0.0355233774442105,Expt,10.1039/c6ta03126a
Zn0.9Cd0.1Sc0.01O1.015,473,535.42,-92,5.7,0.0376059469866667,Expt,10.1039/c6ta03126a
Ti0.96Al0.04O2,296,21.12,-282.2,5.72,0.00870369402092308,Expt,https://doi.org/10.1021/jp302652c
Mg2Sn0.98Sb0.02,444,3464.29,-99.22,5.7296,0.264284292528483,Expt,https://doi.org/10.1021/acsami.0c17462
Zn0.85Cd0.15Sc0.02O1.03,473,200,-70,5.75,0.00806156521739131,Expt,10.1039/c6ta03126a
ZrNiPb,475,165.7,-260.8,5.768,0.0928124079889043,Expt,https://doi.org/10.1021/acs.chemmater.6b04898
CuFeS2,390,51.43,-359,5.787,0.0446700610627268,Expt,10.1021/acs.jpcc.6b10308
NbCoSn0.9Sb0.1,530,1300,-115.05,5.792,0.157457704117749,Expt,https://doi.org/10.1021/acsaem.1c02293
Ti0.98Mn0.02NiSn0.98Sb0.02,398,1596.03,-121.3,5.7987,0.161181459274986,Expt,https://doi.org/10.1021/acs.chemmater.7b02685
Ti0.97Al0.03O2,296,20.77,-322.67,5.812,0.011013358596058,Expt,https://doi.org/10.1021/jp302652c
Ti0.99Mn0.01NiSn0.99Sb0.01,398,944,-142.92,5.8255,0.131737032048696,Expt,https://doi.org/10.1021/acs.chemmater.7b02685
CoGeTe,626,90.43,-111.49,5.826,0.0120778105946536,Expt,https://doi.org/10.1021/acs.inorgchem.1c01538
Zn0.96Al0.04O,373,637.6,-65,5.83,0.0172351591766724,Expt,https://doi.org/10.1016/j.jpcs.2010.06.006
ZrNiPb0.92Sn0.6Bi0.02,475,2769.64,-126.9,5.8374,0.36292820673913,Expt,https://doi.org/10.1021/acs.chemmater.6b04898
Co0.97Ni0.03GeTe,394,845.74,-94.89,5.84,0.0513761006913849,Expt,https://doi.org/10.1021/acs.inorgchem.1c01538
ZrNiPb0.92Sn0.6Bi0.02,673,2184.7,-152.5,5.854,0.582,Expt,https://doi.org/10.1021/acs.chemmater.6b04898
Ti0.95Mn0.05NiSn0.95Sb0.05,598,1973.51,-140.865,5.855,0.399962998077008,Expt,https://doi.org/10.1021/acs.chemmater.7b02685
Ti0.9Mn0.1NiSn0.9Sb0.1,598,2636,-113.6,5.859,0.347200030498037,Expt,https://doi.org/10.1021/acs.chemmater.7b02685
ZrNiPb0.9Sn0.8Bi0.02,475,1618.42,-154.3,5.87,0.311801785063969,Expt,https://doi.org/10.1021/acs.chemmater.6b04898
Ti0.98Al0.02O2,296,19.9,-376,5.875,0.01417465856,Expt,https://doi.org/10.1021/jp302652c
ZrNiPb0.92Sn0.6Bi0.02,303,3333.33,-97,5.9,0.161069160964576,Expt,https://doi.org/10.1021/acs.chemmater.6b04898
ZrNiPb0.94Sn0.4Bi0.02,303,3764.5,-85.24,5.9187,0.140026580893872,Expt,https://doi.org/10.1021/acs.chemmater.6b04898
Zn0.95Cd0.05Sc0.02O1.03,673,160,-110,5.92,0.0220089189189189,Expt,10.1039/c6ta03126a
Ti0.97Mn0.03NiSn0.97Sb0.03,297,1437.09,-95.57,5.94,0.065629205037705,Expt,https://doi.org/10.1021/acs.chemmater.7b02685
ZrNiPb0.96Sn0.2Bi0.02,673,2582.98,-141.2,5.95,0.582490082403657,Expt,https://doi.org/10.1021/acs.chemmater.6b04898
Zn0.97Al0.03O,573,408,-85,5.96,0.0283404261744966,Expt,https://doi.org/10.1016/j.jpcs.2010.06.006
Ti0.925Mn0.075NiSn0.925Sb0.075,697,2158.94,-114.81,5.9664,0.332445469471282,Expt,https://doi.org/10.1021/acs.chemmater.7b02685
CoGeTe,551,71.81,-140,5.97,0.0129902726298157,Expt,https://doi.org/10.1021/acs.inorgchem.1c01538
Mg2Sn0.99Sb0.01,350,3491.07,-113.2,6,0.260956551548,Expt,https://doi.org/10.1021/acsami.0c17462
ZrNiPb0.995Bi0.005,673,814.83,-225,6.033,0.458,Expt,https://doi.org/10.1021/acs.chemmater.6b04898
Ti0.95Mn0.05NiSn0.95Sb0.05,498,2166,-126.5,6.05,0.285307686,Expt,https://doi.org/10.1021/acs.chemmater.7b02685
VFeSb,400,1135.54,-188.8,6.072,0.266645737401845,Expt,https://doi.org/10.1021/acs.chemmater.0c01189
Ti0.9Mn0.1NiSn0.9Sb0.1,498,2920.53,-100.97,6.0872,0.243589271123754,Expt,https://doi.org/10.1021/acs.chemmater.7b02685
CoSb3.0,373,31.25,-218,6.1,0.00908117418032787,Expt,https://doi.org/10.1016/S0925-8388(00)01275-5
Co0.99Ni0.01GeTe,394,521.28,-131.49,6.1136,0.0580838927521728,Expt,https://doi.org/10.1021/acs.inorgchem.1c01538
Ti0.98Mn0.02NiSn0.98Sb0.02,297,1622.52,-107.676,6.1275,0.091180299800831,Expt,https://doi.org/10.1021/acs.chemmater.7b02685
NbCoSn0.9Sb0.1,430,1400,-99.62,6.177,0.0967190372154768,Expt,https://doi.org/10.1021/acsaem.1c02293
ZrNiPb0.993Bi0.007,673,1028.72,-213.47,6.215,0.505,Expt,https://doi.org/10.1021/acs.chemmater.6b04898
Ti0.925Mn0.075NiSn0.925Sb0.075,598,2357.62,-106.16,6.221,0.255409242710051,Expt,https://doi.org/10.1021/acs.chemmater.7b02685
Ti0.99Mn0.01NiSn0.99Sb0.01,297,887.42,-127.14,6.2349,0.0683314416414651,Expt,https://doi.org/10.1021/acs.chemmater.7b02685
Co0.95Ni0.05GeTe,327,1716.93,-44.26,6.25,0.0175971827238054,Expt,https://doi.org/10.1021/acs.inorgchem.1c01538
FeVSb,700,440,-238,6.3,0.266,Expt,10.1007/s11664-016-4804-y
Ti0.95Mn0.05NiSn0.95Sb0.05,398,2377.48,-108.32,6.328,0.175448951223731,Expt,https://doi.org/10.1021/acs.chemmater.7b02685
Co0.97Ni0.03GeTe,327,909.57,-81.28,6.333,0.0310271426398954,Expt,https://doi.org/10.1021/acs.inorgchem.1c01538
ZrNiPb0.96Sn0.2Bi0.02,475,3511.2,-110.9,6.3415,0.323459769679098,Expt,https://doi.org/10.1021/acs.chemmater.6b04898
Ti0.9Mn0.1NiSn0.9Sb0.1,398,3205.3,-87.135,6.4027,0.151277337876362,Expt,https://doi.org/10.1021/acs.chemmater.7b02685
ZrNiPb0.9Sn0.8Bi0.02,303,1900,-123.5,6.439,0.136367764016152,Expt,https://doi.org/10.1021/acs.chemmater.6b04898
Ti0.925Mn0.075NiSn0.925Sb0.075,498,2556.29,-97.514,6.45,0.18767814063017,Expt,https://doi.org/10.1021/acs.chemmater.7b02685
CoGeTe,478,61.2,-171.1,6.4545,0.0132683443063909,Expt,https://doi.org/10.1021/acs.inorgchem.1c01538
FeVSb,600,521,-235,6.5,0.277,Expt,10.1007/s11664-016-4804-y
Zn0.9Cd0.1Sc0.02O1.03,373,555,-80,6.5,0.0203830153846154,Expt,10.1039/c6ta03126a
ZrNiPb0.99Bi0.01,673,1290.2,-189.4,6.51,0.478465978507773,Expt,https://doi.org/10.1021/acs.chemmater.6b04898
Zn0.85Cd0.15Sc0.02O1.03,373,198,-59,6.583,0.00390529810116968,Expt,10.1039/c6ta03126a
Zn0.9Cd0.1Sc0.03O1.045,373,526,-83.2,6.6,0.0205777218715152,Expt,10.1039/c6ta03126a
Zn0.97Al0.03O,473,450,-78,6.7,0.0193280507462687,Expt,https://doi.org/10.1016/j.jpcs.2010.06.006
Ti0.95Mn0.05NiSn0.95Sb0.05,297,2556.29,-93.19,6.7047,0.0983390126755663,Expt,https://doi.org/10.1021/acs.chemmater.7b02685
NbCoSn0.9Sb0.1,338,1490.78,-85.7,6.708,0.0551694745847287,Expt,https://doi.org/10.1021/acsaem.1c02293
VFeSb,350,1298.19,-179.6,6.747,0.217224225917296,Expt,https://doi.org/10.1021/acs.chemmater.0c01189
Zn0.95Cd0.05Sc0.02O1.03,573,168,-100,6.75,0.0142613333333333,Expt,10.1039/c6ta03126a
Zn0.875Cd0.125Sc0.02O1.03,300,428.57,-73.5,6.75,0.0102899657,Expt,10.1039/c6ta03126a
Ti0.925Mn0.075NiSn0.925Sb0.075,398,2834.44,-85.19,6.7718,0.120899207398964,Expt,https://doi.org/10.1021/acs.chemmater.7b02685
Zn0.9Cd0.1Sc0.04O1.06,373,440,-93,6.8,0.0208746158823529,Expt,10.1039/c6ta03126a
ZrNiSn0.98Bi0.02,673,541,-211,6.8455,0.236794747688262,Expt,https://doi.org/10.1021/acs.chemmater.6b04898
Ti0.9Mn0.1NiSn0.9Sb0.1,297,3476.82,-74.81,6.859,0.0842552871705933,Expt,https://doi.org/10.1021/acs.chemmater.7b02685
CoSb3.0,323,35.71,-224,6.9,0.00838763104463768,Expt,https://doi.org/10.1016/S0925-8388(00)01275-5
Co0.99Ni0.01GeTe,327,571.81,-115.11,6.9545,0.0356253955646219,Expt,https://doi.org/10.1021/acs.inorgchem.1c01538
ZrNiPb0.995Bi0.005,475,1019.1,-209,7.124,0.296810371596013,Expt,https://doi.org/10.1021/acs.chemmater.6b04898
Ti0.925Mn0.075NiSn0.925Sb0.075,297,3000,-72.216,7.1275,0.0651939562889653,Expt,https://doi.org/10.1021/acs.chemmater.7b02685
NbCo0.94Ni0.06Sn,697,1283.72,-85.59,7.2024,0.0910063929011941,Expt,https://doi.org/10.1021/acsami.1c08127
FeVSb,500,720,-232,7.22,0.268374515235457,Expt,10.1007/s11664-016-4804-y
ZrNiPb0.985Bi0.015,673,1945.07,-149.8,7.24,0.405728355106138,Expt,https://doi.org/10.1021/acs.chemmater.6b04898
NbCo0.9Ni0.1Sn,600,783.33,-170.59,7.2738,0.188036341459812,Expt,https://doi.org/10.1021/acsami.1c08127
ZrNiPb0.98Bi0.02,673,2305,-146.94,7.33,0.456943064869768,Expt,https://doi.org/10.1021/acs.chemmater.6b04898
CoGeTe,394,53.2,-184.6,7.341,0.00973007131627843,Expt,https://doi.org/10.1021/acs.inorgchem.1c01538
Cu0.98Pd0.02FeS2,300,93.05,-306.87,7.386,0.0355907545554224,Expt,https://doi.org/10.1021/acs.jpcc.0c06490
Zn0.97Al0.03O,373,490,-68,7.4,0.0114206551351351,Expt,https://doi.org/10.1016/j.jpcs.2010.06.006
NbCo0.92Ni0.08Sn,600,1265.12,-105,7.4524,0.11229629112769,Expt,https://doi.org/10.1021/acsami.1c08127
ZrNiPb0.993Bi0.007,475,1370,-198,7.5207,0.339223782360685,Expt,https://doi.org/10.1021/acs.chemmater.6b04898
Zn0.85Cd0.15Sc0.02O1.03,300,194.3,-49.4,7.58,0.00187663040105541,Expt,10.1039/c6ta03126a
ZrNiPb,303,145.9,-228.2,7.669,0.0300186019995827,Expt,https://doi.org/10.1021/acs.chemmater.6b04898
ZrNiPb0.99Bi0.01,475,1712.4,-160.3,7.7355,0.270195108850107,Expt,https://doi.org/10.1021/acs.chemmater.6b04898
NbCo0.94Ni0.06Sn,594,1428.57,-80.59,7.7738,0.0708952142088927,Expt,https://doi.org/10.1021/acsami.1c08127
NbCo0.96Ni0.04Sn,600,826.04,-155,7.7976,0.15270553247153,Expt,https://doi.org/10.1021/acsami.1c08127
Zn0.9Cd0.1Sc0.02O1.03,300,594.3,-70.6,7.83,0.0113494450114943,Expt,10.1039/c6ta03126a
ZrNiSn0.98Bi0.02,475,457,-178.5,7.8374,0.0882499032683033,Expt,https://doi.org/10.1021/acs.chemmater.6b04898
Zn0.9Cd0.1Sc0.03O1.045,300,551,-76.3,7.91,0.0121659337168142,Expt,10.1039/c6ta03126a
Zn0.95Cd0.05Sc0.02O1.03,473,173,-86,8,0.00756509105,Expt,10.1039/c6ta03126a
Zn0.9Cd0.1Sc0.04O1.06,300,466.67,-84.3,8,0.012436446331125,Expt,10.1039/c6ta03126a
NbCo0.9Ni0.1Sn,492,909.52,-151.76,8.0952,0.127310554321855,Expt,https://doi.org/10.1021/acsami.1c08127
Zn0.9Cd0.1Sc0.01O1.015,300,621.87,-73.6,8.17,0.012369565172093,Expt,10.1039/c6ta03126a
FeVSb,400,1040,-210,8.26,0.222101694915254,Expt,10.1007/s11664-016-4804-y
NbCo0.92Ni0.08Sn,492,1461.9,-89.12,8.285,0.0689510067664106,Expt,https://doi.org/10.1021/acsami.1c08127
CoGeTe,327,58.5,-176,8.295,0.00714352491862568,Expt,https://doi.org/10.1021/acs.inorgchem.1c01538
NbCo0.98Ni0.02Sn,605,590.48,-161.76,8.3214,0.112332763971724,Expt,https://doi.org/10.1021/acsami.1c08127
ZrNiPb0.985Bi0.015,475,2618.5,-122.05,8.361,0.221596824147455,Expt,https://doi.org/10.1021/acs.chemmater.6b04898
CuFeS2,300,52.7,-361.6,8.425,0.0245368497756677,Expt,10.1021/acs.jpcc.6b10308
Zn0.9Cd0.1Sc0.006O1.009,300,561.45,-77,8.44,0.0118323591824645,Expt,10.1039/c6ta03126a
NbCo0.94Ni0.06Sn,487,1645.24,-68.53,8.5357,0.0440839541345817,Expt,https://doi.org/10.1021/acsami.1c08127
NbCo0.96Ni0.04Sn,492,972.78,-139.41,8.5714,0.108521509874808,Expt,https://doi.org/10.1021/acsami.1c08127
ZrNiPb0.98Bi0.02,475,3060,-121.22,8.59,0.24863967624447,Expt,https://doi.org/10.1021/acs.chemmater.6b04898
NbCoSn,678,430.77,-219.2,8.78,0.16,Expt,https://doi.org/10.1021/acsami.1c08127
Cu0.99Pd0.01FeS2,300,52.33,-396,9.2,0.0267592867826087,Expt,https://doi.org/10.1021/acs.jpcc.0c06490
NbCo0.98Ni0.02Sn,498,704.76,-147.06,9.2381,0.0821631448575024,Expt,https://doi.org/10.1021/acsami.1c08127
NbCo0.9Ni0.1Sn,382,1035.29,-132.94,9.2619,0.0754634477580411,Expt,https://doi.org/10.1021/acsami.1c08127
NbCoSn,576,475.5,-214.3,9.31,0.135103831548013,Expt,https://doi.org/10.1021/acsami.1c08127
NbCo0.92Ni0.08Sn,382,1654.76,-75,9.4524,0.0376165370699505,Expt,https://doi.org/10.1021/acsami.1c08127
NbCo0.94Ni0.06Sn,382,1889.41,-56.18,9.5357,0.0238891370985758,Expt,https://doi.org/10.1021/acsami.1c08127
NbCo0.96Ni0.04Sn,382,1124.26,-119.41,9.6548,0.0634261334575765,Expt,https://doi.org/10.1021/acsami.1c08127
ZrNiSn0.98Bi0.02,303,426.87,-136,9.72,0.0246121648,Expt,https://doi.org/10.1021/acs.chemmater.6b04898
ZrNiPb0.995Bi0.005,303,1302.5,-169,9.7377,0.115754365584276,Expt,https://doi.org/10.1021/acs.chemmater.6b04898
Zn0.95Cd0.05Sc0.02O1.03,373,176,-71,9.75,0.00339416992820513,Expt,10.1039/c6ta03126a
